Model,ModelType,Dataset,Features,Accuracy,Precision,Recall,F1,ROC-AUC,PR-AUC,Balanced Accuracy,MCC,TN,FP,FN,TP,TuneROC-AUC,BestParams,Top20Importances,Sampling
Logistic Regression - Baseline,LogisticRegression,Baseline,432,0.7058370305144444,0.08779190067986994,0.8038877952755905,0.1582963878188822,0.8335182250765487,0.2067045882700887,0.7531153753130785,0.19863391924099813,80098,33946,797,3267,0.8538374558666219,"{""C"": 1.9942666309136752}","[{""rank"": 1, ""feature"": ""C11"", ""importance"": 9.434433340604025, ""importance_pct"": 1.788370329809255}, {""rank"": 2, ""feature"": ""V283"", ""importance"": 8.448727186330578, ""importance_pct"": 1.601522050048114}, {""rank"": 3, ""feature"": ""C14"", ""importance"": 8.126130312171222, ""importance_pct"": 1.54037129966305}, {""rank"": 4, ""feature"": ""V300"", ""importance"": 7.6892506752340495, ""importance_pct"": 1.4575573613808535}, {""rank"": 5, ""feature"": ""V218"", ""importance"": 7.161957039605907, ""importance_pct"": 1.3576047453613895}, {""rank"": 6, ""feature"": ""V258"", ""importance"": 6.820283896418429, ""importance_pct"": 1.2928379395862761}, {""rank"": 7, ""feature"": ""V87"", ""importance"": 6.742733756930198, ""importance_pct"": 1.278137706564709}, {""rank"": 8, ""feature"": ""V45"", ""importance"": 6.655858653658943, ""importance_pct"": 1.2616698540206919}, {""rank"": 9, ""feature"": ""C12"", ""importance"": 6.364920453751269, ""importance_pct"": 1.206520251947221}, {""rank"": 10, ""feature"": ""V123"", ""importance"": 6.061525548960994, ""importance_pct"": 1.1490093844309854}, {""rank"": 11, ""feature"": ""V201"", ""importance"": 5.604564715104176, ""importance_pct"": 1.0623888988489538}, {""rank"": 12, ""feature"": ""V229"", ""importance"": 5.119213520093902, ""importance_pct"": 0.9703867991618235}, {""rank"": 13, ""feature"": ""V257"", ""importance"": 4.640252540187529, ""importance_pct"": 0.8795960145246102}, {""rank"": 14, ""feature"": ""V200"", ""importance"": 4.603988855702579, ""importance_pct"": 0.8727219506522912}, {""rank"": 15, ""feature"": ""V187"", ""importance"": 4.572770848265798, ""importance_pct"": 0.8668043341680636}, {""rank"": 16, ""feature"": ""V223"", ""importance"": 4.4176228493295255, ""importance_pct"": 0.8373948224348295}, {""rank"": 17, ""feature"": ""V44"", ""importance"": 4.3908909011602875, ""importance_pct"": 0.8323275734291989}, {""rank"": 18, ""feature"": ""V199"", ""importance"": 4.256993007009052, ""importance_pct"": 0.8069461845869647}, {""rank"": 19, ""feature"": ""V115"", ""importance"": 4.2188659818641066, ""importance_pct"": 0.799718909977937}, {""rank"": 20, ""feature"": ""V241"", ""importance"": 4.071051929706277, ""importance_pct"": 0.7716996049847857}]",
Logistic Regression - Feature Engineering,LogisticRegression,Feature Engineering,439,0.7090798252446913,0.08854845719252499,0.8021653543307087,0.15949119373776907,0.8333982163984505,0.20944615944621509,0.7539640212080045,0.19988170994678484,80488,33556,804,3260,0.8516996235225341,"{""C"": 6.051195987836167}","[{""rank"": 1, ""feature"": ""C11"", ""importance"": 12.08917656571138, ""importance_pct"": 1.5912671194171206}, {""rank"": 2, ""feature"": ""V218"", ""importance"": 10.743005738691993, ""importance_pct"": 1.414074126783511}, {""rank"": 3, ""feature"": ""V300"", ""importance"": 10.678061384272636, ""importance_pct"": 1.4055256689776743}, {""rank"": 4, ""feature"": ""V258"", ""importance"": 10.297279553527604, ""importance_pct"": 1.3554043390721604}, {""rank"": 5, ""feature"": ""V87"", ""importance"": 10.200478604422608, ""importance_pct"": 1.3426626799027475}, {""rank"": 6, ""feature"": ""V45"", ""importance"": 10.181893406773645, ""importance_pct"": 1.3402163582888713}, {""rank"": 7, ""feature"": ""V283"", ""importance"": 9.876871445984676, ""importance_pct"": 1.3000671045936043}, {""rank"": 8, ""feature"": ""C12"", ""importance"": 9.285542405930789, ""importance_pct"": 1.2222319887708195}, {""rank"": 9, ""feature"": ""C14"", ""importance"": 8.91836660944274, ""importance_pct"": 1.1739015860489}, {""rank"": 10, ""feature"": ""V201"", ""importance"": 8.466300981435444, ""importance_pct"": 1.1143973538328713}, {""rank"": 11, ""feature"": ""V123"", ""importance"": 8.360449098262107, ""importance_pct"": 1.100464343564839}, {""rank"": 12, ""feature"": ""V229"", ""importance"": 7.725514274794084, ""importance_pct"": 1.0168895109808527}, {""rank"": 13, ""feature"": ""V257"", ""importance"": 7.017491258564165, ""importance_pct"": 0.9236942681623516}, {""rank"": 14, ""feature"": ""V187"", ""importance"": 6.955543114946486, ""importance_pct"": 0.9155401938536567}, {""rank"": 15, ""feature"": ""V200"", ""importance"": 6.921007610095703, ""importance_pct"": 0.9109943744570411}, {""rank"": 16, ""feature"": ""V223"", ""importance"": 6.696933271614013, ""importance_pct"": 0.8815000474288152}, {""rank"": 17, ""feature"": ""V44"", ""importance"": 6.691686872588376, ""importance_pct"": 0.8808094774615839}, {""rank"": 18, ""feature"": ""V199"", ""importance"": 6.438127641049474, ""importance_pct"": 0.847434130035778}, {""rank"": 19, ""feature"": ""V115"", ""importance"": 6.1929061233458516, ""importance_pct"": 0.8151562543695312}, {""rank"": 20, ""feature"": ""V241"", ""importance"": 6.179475047570755, ""importance_pct"": 0.8133883565194882}]",
Logistic Regression - Reduced Baseline,LogisticRegression,Reduced Baseline,342,0.6881413621431233,0.08344138509648387,0.8075787401574803,0.15125469502500172,0.8247604525722494,0.1771287894754292,0.7457319536429785,0.1900780454284889,77993,36051,782,3282,0.8485748977892813,"{""C"": 9.177237615941623}","[{""rank"": 1, ""feature"": ""V218"", ""importance"": 14.410779421659884, ""importance_pct"": 1.814955791945038}, {""rank"": 2, ""feature"": ""V45"", ""importance"": 14.05158749031414, ""importance_pct"": 1.7697176089751405}, {""rank"": 3, ""feature"": ""V258"", ""importance"": 13.816448045356553, ""importance_pct"": 1.7401031318498392}, {""rank"": 4, ""feature"": ""V87"", ""importance"": 12.568216848940503, ""importance_pct"": 1.5828955046054238}, {""rank"": 5, ""feature"": ""V201"", ""importance"": 10.575886364861883, ""importance_pct"": 1.3319727997507376}, {""rank"": 6, ""feature"": ""V172"", ""importance"": 10.487441885637455, ""importance_pct"": 1.3208337200981362}, {""rank"": 7, ""feature"": ""V283"", ""importance"": 10.263453541117991, ""importance_pct"": 1.292623660716979}, {""rank"": 8, ""feature"": ""V241"", ""importance"": 10.193375170023684, ""importance_pct"": 1.2837976880345774}, {""rank"": 9, ""feature"": ""V240"", ""importance"": 10.180497907184332, ""importance_pct"": 1.2821758699433539}, {""rank"": 10, ""feature"": ""V257"", ""importance"": 9.896852206133099, ""importance_pct"": 1.246452305455962}, {""rank"": 11, ""feature"": ""V229"", ""importance"": 9.597001863741351, ""importance_pct"": 1.2086878584599423}, {""rank"": 12, ""feature"": ""V225"", ""importance"": 9.168788042942177, ""importance_pct"": 1.1547567606678106}, {""rank"": 13, ""feature"": ""V44"", ""importance"": 9.114881497364093, ""importance_pct"": 1.1479675375274137}, {""rank"": 14, ""feature"": ""V200"", ""importance"": 8.914320924424159, ""importance_pct"": 1.122708072869587}, {""rank"": 15, ""feature"": ""V282"", ""importance"": 8.52861975376298, ""importance_pct"": 1.0741312018226736}, {""rank"": 16, ""feature"": ""V178"", ""importance"": 8.224028991474595, ""importance_pct"": 1.0357697258738188}, {""rank"": 17, ""feature"": ""V199"", ""importance"": 7.856496621596349, ""importance_pct"": 0.989481112057747}, {""rank"": 18, ""feature"": ""V174"", ""importance"": 7.824483300548966, ""importance_pct"": 0.9854492161585555}, {""rank"": 19, ""feature"": ""V123"", ""importance"": 7.570211172030648, ""importance_pct"": 0.95342508624294}, {""rank"": 20, ""feature"": ""V187"", ""importance"": 7.549138766959422, ""importance_pct"": 0.9507711365490914}]",
Logistic Regression - Reduced Feature Engineering,LogisticRegression,Reduced Feature Engineering,348,0.6975649405628747,0.08498085898578846,0.7974901574803149,0.15359461636889246,0.8248273537261622,0.1802265666532799,0.7457471130427074,0.19159712384211208,79147,34897,823,3241,0.8461887280206241,"{""C"": 2.9154431891537547}","[{""rank"": 1, ""feature"": ""V218"", ""importance"": 13.074718191092854, ""importance_pct"": 1.812213361505385}, {""rank"": 2, ""feature"": ""V45"", ""importance"": 12.466766878350926, ""importance_pct"": 1.7279486396205017}, {""rank"": 3, ""feature"": ""V258"", ""importance"": 12.189907027106623, ""importance_pct"": 1.6895746483530552}, {""rank"": 4, ""feature"": ""V87"", ""importance"": 11.055285830274892, ""importance_pct"": 1.532311167558}, {""rank"": 5, ""feature"": ""V283"", ""importance"": 10.488859272515112, ""importance_pct"": 1.4538019590778457}, {""rank"": 6, ""feature"": ""V201"", ""importance"": 9.332299283084872, ""importance_pct"": 1.293497665280075}, {""rank"": 7, ""feature"": ""V172"", ""importance"": 9.199115391710556, ""importance_pct"": 1.2750377930321022}, {""rank"": 8, ""feature"": ""V241"", ""importance"": 9.017844315533612, ""importance_pct"": 1.2499128257860692}, {""rank"": 9, ""feature"": ""V240"", ""importance"": 9.005470399804702, ""importance_pct"": 1.2481977467235357}, {""rank"": 10, ""feature"": ""V229"", ""importance"": 8.722307046607083, ""importance_pct"": 1.2089500624022798}, {""rank"": 11, ""feature"": ""V257"", ""importance"": 8.691372626655985, ""importance_pct"": 1.2046624159424126}, {""rank"": 12, ""feature"": ""V44"", ""importance"": 8.079342284504806, ""importance_pct"": 1.1198323226675402}, {""rank"": 13, ""feature"": ""V225"", ""importance"": 8.050710885794757, ""importance_pct"": 1.1158638850658573}, {""rank"": 14, ""feature"": ""V200"", ""importance"": 7.827412090712623, ""importance_pct"": 1.084913691406496}, {""rank"": 15, ""feature"": ""V282"", ""importance"": 7.784416526987514, ""importance_pct"": 1.0789543174506446}, {""rank"": 16, ""feature"": ""V178"", ""importance"": 7.326458225904813, ""importance_pct"": 1.0154792857058106}, {""rank"": 17, ""feature"": ""V123"", ""importance"": 7.2265380335968175, ""importance_pct"": 1.0016299082325664}, {""rank"": 18, ""feature"": ""V174"", ""importance"": 6.9172301391307185, ""importance_pct"": 0.9587584756725572}, {""rank"": 19, ""feature"": ""V199"", ""importance"": 6.894980388696994, ""importance_pct"": 0.955674562548248}, {""rank"": 20, ""feature"": ""V187"", ""importance"": 6.607595509659181, ""importance_pct"": 0.9158417562058728}]",
Decision Tree - Baseline,DecisionTree,Baseline,432,0.8150082974904325,0.1167191069350459,0.6663385826771654,0.1986429488355034,0.8250581688563634,0.3309756276535274,0.7433223901425531,0.22326603770347864,93551,20493,1356,2708,0.8385220587131459,"{""max_depth"": 8, ""min_samples_leaf"": 43, ""min_samples_split"": 20, ""max_features"": ""sqrt""}","[{""rank"": 1, ""feature"": ""V218"", ""importance"": 0.33027514626448706, ""importance_pct"": 33.027514626448706}, {""rank"": 2, ""feature"": ""V102"", ""importance"": 0.1359497076838674, ""importance_pct"": 13.594970768386741}, {""rank"": 3, ""feature"": ""C8"", ""importance"": 0.10861358515851074, ""importance_pct"": 10.861358515851075}, {""rank"": 4, ""feature"": ""card6"", ""importance"": 0.0620777570482878, ""importance_pct"": 6.20777570482878}, {""rank"": 5, ""feature"": ""V29"", ""importance"": 0.046187043841804686, ""importance_pct"": 4.618704384180469}, {""rank"": 6, ""feature"": ""V334"", ""importance"": 0.03152477933920627, ""importance_pct"": 3.152477933920627}, {""rank"": 7, ""feature"": ""V306"", ""importance"": 0.028708616893115293, ""importance_pct"": 2.8708616893115293}, {""rank"": 8, ""feature"": ""V69"", ""importance"": 0.026261696969840445, ""importance_pct"": 2.6261696969840447}, {""rank"": 9, ""feature"": ""V190"", ""importance"": 0.021442990360025387, ""importance_pct"": 2.1442990360025385}, {""rank"": 10, ""feature"": ""C14"", ""importance"": 0.017546737879505954, ""importance_pct"": 1.7546737879505954}, {""rank"": 11, ""feature"": ""C11"", ""importance"": 0.011955554996568394, ""importance_pct"": 1.1955554996568394}, {""rank"": 12, ""feature"": ""V288"", ""importance"": 0.010724058183305999, ""importance_pct"": 1.0724058183305998}, {""rank"": 13, ""feature"": ""V281"", ""importance"": 0.00935912013561311, ""importance_pct"": 0.9359120135613109}, {""rank"": 14, ""feature"": ""TransactionAmt"", ""importance"": 0.008968947893738435, ""importance_pct"": 0.8968947893738435}, {""rank"": 15, ""feature"": ""V280"", ""importance"": 0.008242125288964649, ""importance_pct"": 0.8242125288964649}, {""rank"": 16, ""feature"": ""V308"", ""importance"": 0.006690526101021384, ""importance_pct"": 0.6690526101021385}, {""rank"": 17, ""feature"": ""C2"", ""importance"": 0.0064529472923934884, ""importance_pct"": 0.6452947292393488}, {""rank"": 18, ""feature"": ""V47"", ""importance"": 0.005810035287575254, ""importance_pct"": 0.5810035287575255}, {""rank"": 19, ""feature"": ""V49"", ""importance"": 0.005380626914173847, ""importance_pct"": 0.5380626914173847}, {""rank"": 20, ""feature"": ""V168"", ""importance"": 0.004755446159047835, ""importance_pct"": 0.4755446159047835}]",
Decision Tree - Feature Engineering,DecisionTree,Feature Engineering,439,0.8180563552003252,0.11979053022037967,0.6754429133858267,0.20349160458134105,0.7965101991647373,0.33676090195957237,0.7492906755908826,0.22981938751548972,93874,20170,1319,2745,0.8451027937790752,"{""max_depth"": 13, ""min_samples_leaf"": 49, ""min_samples_split"": 15, ""max_features"": ""sqrt""}","[{""rank"": 1, ""feature"": ""V243"", ""importance"": 0.2196585881647733, ""importance_pct"": 21.96585881647733}, {""rank"": 2, ""feature"": ""V90"", ""importance"": 0.17559438274085348, ""importance_pct"": 17.55943827408535}, {""rank"": 3, ""feature"": ""C13"", ""importance"": 0.06070208904903946, ""importance_pct"": 6.0702089049039465}, {""rank"": 4, ""feature"": ""card6"", ""importance"": 0.05609862807011394, ""importance_pct"": 5.609862807011394}, {""rank"": 5, ""feature"": ""V134"", ""importance"": 0.05037730688198033, ""importance_pct"": 5.0377306881980335}, {""rank"": 6, ""feature"": ""C2"", ""importance"": 0.03560387669339146, ""importance_pct"": 3.5603876693391463}, {""rank"": 7, ""feature"": ""V139"", ""importance"": 0.03183743687497112, ""importance_pct"": 3.183743687497112}, {""rank"": 8, ""feature"": ""V38"", ""importance"": 0.018330028414387096, ""importance_pct"": 1.8330028414387096}, {""rank"": 9, ""feature"": ""V295"", ""importance"": 0.018270270940216146, ""importance_pct"": 1.8270270940216147}, {""rank"": 10, ""feature"": ""D15"", ""importance"": 0.014508247497381445, ""importance_pct"": 1.4508247497381446}, {""rank"": 11, ""feature"": ""D1"", ""importance"": 0.012626755712579298, ""importance_pct"": 1.2626755712579298}, {""rank"": 12, ""feature"": ""V203"", ""importance"": 0.012361382893999576, ""importance_pct"": 1.2361382893999577}, {""rank"": 13, ""feature"": ""V282"", ""importance"": 0.010495227073453154, ""importance_pct"": 1.0495227073453155}, {""rank"": 14, ""feature"": ""card2"", ""importance"": 0.009409381755252936, ""importance_pct"": 0.9409381755252936}, {""rank"": 15, ""feature"": ""V204"", ""importance"": 0.009215063701212955, ""importance_pct"": 0.9215063701212954}, {""rank"": 16, ""feature"": ""D2"", ""importance"": 0.009045495426087435, ""importance_pct"": 0.9045495426087435}, {""rank"": 17, ""feature"": ""V317"", ""importance"": 0.00797833274109443, ""importance_pct"": 0.797833274109443}, {""rank"": 18, ""feature"": ""C6"", ""importance"": 0.0072501925994796525, ""importance_pct"": 0.7250192599479652}, {""rank"": 19, ""feature"": ""TransactionDT"", ""importance"": 0.007243562408835658, ""importance_pct"": 0.7243562408835659}, {""rank"": 20, ""feature"": ""V296"", ""importance"": 0.0067924334585349215, ""importance_pct"": 0.6792433458534921}]",
Decision Tree - Reduced Baseline,DecisionTree,Reduced Baseline,342,0.8237375960984862,0.12098452628721383,0.6579724409448819,0.20438737292669876,0.8220835120845056,0.3320240625926113,0.7438085697411443,0.22789093891210466,94616,19428,1390,2674,0.8361627044853761,"{""max_depth"": 9, ""min_samples_leaf"": 64, ""min_samples_split"": 32, ""max_features"": ""sqrt""}","[{""rank"": 1, ""feature"": ""V70"", ""importance"": 0.3017468938790125, ""importance_pct"": 30.174689387901253}, {""rank"": 2, ""feature"": ""V275"", ""importance"": 0.18037771290106425, ""importance_pct"": 18.037771290106427}, {""rank"": 3, ""feature"": ""card3"", ""importance"": 0.07098776017086218, ""importance_pct"": 7.0987760170862195}, {""rank"": 4, ""feature"": ""C14"", ""importance"": 0.06441298597517776, ""importance_pct"": 6.441298597517778}, {""rank"": 5, ""feature"": ""V307"", ""importance"": 0.05007920009384467, ""importance_pct"": 5.007920009384468}, {""rank"": 6, ""feature"": ""V147"", ""importance"": 0.04063397655051893, ""importance_pct"": 4.063397655051894}, {""rank"": 7, ""feature"": ""V312"", ""importance"": 0.025012922624084458, ""importance_pct"": 2.501292262408446}, {""rank"": 8, ""feature"": ""V308"", ""importance"": 0.022247430891916182, ""importance_pct"": 2.2247430891916187}, {""rank"": 9, ""feature"": ""card6"", ""importance"": 0.017571831747349134, ""importance_pct"": 1.7571831747349136}, {""rank"": 10, ""feature"": ""D2"", ""importance"": 0.014201634869762702, ""importance_pct"": 1.4201634869762705}, {""rank"": 11, ""feature"": ""V309"", ""importance"": 0.012361318673142668, ""importance_pct"": 1.236131867314267}, {""rank"": 12, ""feature"": ""D15"", ""importance"": 0.011904650649048732, ""importance_pct"": 1.1904650649048734}, {""rank"": 13, ""feature"": ""C1"", ""importance"": 0.010628210632872635, ""importance_pct"": 1.0628210632872637}, {""rank"": 14, ""feature"": ""V306"", ""importance"": 0.009589861622069259, ""importance_pct"": 0.958986162206926}, {""rank"": 15, ""feature"": ""V189"", ""importance"": 0.009473243509428561, ""importance_pct"": 0.9473243509428563}, {""rank"": 16, ""feature"": ""V285"", ""importance"": 0.00907145480045885, ""importance_pct"": 0.9071454800458851}, {""rank"": 17, ""feature"": ""C4"", ""importance"": 0.008789069015836565, ""importance_pct"": 0.8789069015836567}, {""rank"": 18, ""feature"": ""C7"", ""importance"": 0.008279843348679967, ""importance_pct"": 0.8279843348679969}, {""rank"": 19, ""feature"": ""addr2"", ""importance"": 0.007615136759681092, ""importance_pct"": 0.7615136759681093}, {""rank"": 20, ""feature"": ""V63"", ""importance"": 0.007370619625667766, ""importance_pct"": 0.7370619625667767}]",
Decision Tree - Reduced Feature Engineering,DecisionTree,Reduced Feature Engineering,348,0.8306211264266603,0.13029361287629296,0.6911909448818898,0.21925613706435623,0.8306583512403832,0.35056973611609354,0.7633903586252246,0.2485734519315578,95294,18750,1255,2809,0.8482442684450417,"{""max_depth"": 8, ""min_samples_leaf"": 26, ""min_samples_split"": 19, ""max_features"": null}","[{""rank"": 1, ""feature"": ""V258"", ""importance"": 0.2875852817575401, ""importance_pct"": 28.758528175754012}, {""rank"": 2, ""feature"": ""V317"", ""importance"": 0.17215745479357378, ""importance_pct"": 17.215745479357377}, {""rank"": 3, ""feature"": ""C14"", ""importance"": 0.12914069495474645, ""importance_pct"": 12.914069495474646}, {""rank"": 4, ""feature"": ""C4"", ""importance"": 0.08487575386830835, ""importance_pct"": 8.487575386830835}, {""rank"": 5, ""feature"": ""M4"", ""importance"": 0.04676278351623246, ""importance_pct"": 4.676278351623246}, {""rank"": 6, ""feature"": ""card6"", ""importance"": 0.0381735481682896, ""importance_pct"": 3.81735481682896}, {""rank"": 7, ""feature"": ""C1"", ""importance"": 0.03533228512491932, ""importance_pct"": 3.5332285124919323}, {""rank"": 8, ""feature"": ""TransactionDT"", ""importance"": 0.017331261603404285, ""importance_pct"": 1.7331261603404284}, {""rank"": 9, ""feature"": ""TransactionAmt"", ""importance"": 0.016970045858008875, ""importance_pct"": 1.6970045858008875}, {""rank"": 10, ""feature"": ""V306"", ""importance"": 0.016118289531678206, ""importance_pct"": 1.6118289531678205}, {""rank"": 11, ""feature"": ""V91"", ""importance"": 0.011739964435887184, ""importance_pct"": 1.1739964435887185}, {""rank"": 12, ""feature"": ""C13"", ""importance"": 0.010762047897844598, ""importance_pct"": 1.0762047897844598}, {""rank"": 13, ""feature"": ""V283"", ""importance"": 0.010242142734639465, ""importance_pct"": 1.0242142734639466}, {""rank"": 14, ""feature"": ""V210"", ""importance"": 0.009463236947608982, ""importance_pct"": 0.9463236947608983}, {""rank"": 15, ""feature"": ""D15"", ""importance"": 0.00870511876589033, ""importance_pct"": 0.870511876589033}, {""rank"": 16, ""feature"": ""V309"", ""importance"": 0.00822320282881799, ""importance_pct"": 0.822320282881799}, {""rank"": 17, ""feature"": ""D1"", ""importance"": 0.006102224500073439, ""importance_pct"": 0.6102224500073439}, {""rank"": 18, ""feature"": ""C5"", ""importance"": 0.005885341805372441, ""importance_pct"": 0.5885341805372442}, {""rank"": 19, ""feature"": ""V53"", ""importance"": 0.005109483644987005, ""importance_pct"": 0.5109483644987005}, {""rank"": 20, ""feature"": ""V310"", ""importance"": 0.004865663422834229, ""importance_pct"": 0.4865663422834229}]",
RF - Baseline,RandomForest,Baseline,432,0.9295475327666204,0.26896776294366653,0.609744094488189,0.37327709572945694,0.8958665566415587,0.4875224999493346,0.7753439703614877,0.374295091059431,107309,6735,1586,2478,0.9008453220837603,"{""n_estimators"": 250, ""max_depth"": 25, ""min_samples_leaf"": 13, ""max_features"": ""sqrt""}",[],
RF - Feature Engineering,RandomForest,Feature Engineering,439,0.9305296846953636,0.27103837222160787,0.6031003937007874,0.3739986266880293,0.8960760750374839,0.48849503665146254,0.7726490709691549,0.37380759486611387,107452,6592,1613,2451,0.9001095734686819,"{""n_estimators"": 250, ""max_depth"": 25, ""min_samples_leaf"": 13, ""max_features"": ""sqrt""}",[],
RF - Reduced Baseline,RandomForest,Reduced Baseline,342,0.9405544078301216,0.30456047587574353,0.5669291338582677,0.39625075242927166,0.8906806340908069,0.485795399196218,0.760398908060627,0.38771458208406795,108783,5261,1760,2304,0.8985580013517627,"{""n_estimators"": 250, ""max_depth"": 23, ""min_samples_leaf"": 8, ""max_features"": ""sqrt""}",[],
RF - Reduced Feature Engineering,RandomForest,Reduced Feature Engineering,348,0.9454905679547533,0.32711913778036705,0.5526574803149606,0.4109789569990851,0.8921631849787498,0.4894111869967598,0.7560734001132868,0.3989525454082852,109424,4620,1818,2246,0.9006720485460201,"{""n_estimators"": 400, ""max_depth"": 23, ""min_samples_leaf"": 7, ""max_features"": ""sqrt""}",[],
LightGBM - Baseline,LightGBM,Baseline,432,0.9421461713008433,0.3286297809134794,0.6532972440944882,0.43728897307090503,0.9108926427622769,0.5498334786511995,0.8028683267226325,0.437385656887069,108620,5424,1409,2655,0.9238956392559676,"{""n_estimators"": 700, ""learning_rate"": 0.03702917556373974, ""num_leaves"": 95, ""max_depth"": 10, ""min_child_samples"": 59, ""subsample"": 0.8160380080454375, ""colsample_bytree"": 0.6733068413073444}","[{""rank"": 1, ""feature"": ""card1"", ""importance"": 3833.0, ""importance_pct"": 5.887593505675621}, {""rank"": 2, ""feature"": ""TransactionDT"", ""importance"": 3436.0, ""importance_pct"": 5.277790578007158}, {""rank"": 3, ""feature"": ""TransactionAmt"", ""importance"": 3068.0, ""importance_pct"": 4.712532448581479}, {""rank"": 4, ""feature"": ""card2"", ""importance"": 3052.0, ""importance_pct"": 4.687956008171666}, {""rank"": 5, ""feature"": ""addr1"", ""importance"": 2668.0, ""importance_pct"": 4.098121438336174}, {""rank"": 6, ""feature"": ""C13"", ""importance"": 1763.0, ""importance_pct"": 2.7080165276561754}, {""rank"": 7, ""feature"": ""D15"", ""importance"": 1524.0, ""importance_pct"": 2.3409059490346067}, {""rank"": 8, ""feature"": ""P_emaildomain"", ""importance"": 1391.0, ""importance_pct"": 2.136614288128043}, {""rank"": 9, ""feature"": ""D10"", ""importance"": 1231.0, ""importance_pct"": 1.890849884029922}, {""rank"": 10, ""feature"": ""D1"", ""importance"": 1192.0, ""importance_pct"": 1.8309448105310049}, {""rank"": 11, ""feature"": ""dist1"", ""importance"": 1186.0, ""importance_pct"": 1.8217286453773252}, {""rank"": 12, ""feature"": ""D2"", ""importance"": 1169.0, ""importance_pct"": 1.7956161774418995}, {""rank"": 13, ""feature"": ""card5"", ""importance"": 1139.0, ""importance_pct"": 1.7495353516735022}, {""rank"": 14, ""feature"": ""D4"", ""importance"": 1078.0, ""importance_pct"": 1.655837672611093}, {""rank"": 15, ""feature"": ""C1"", ""importance"": 939.0, ""importance_pct"": 1.4423298465508503}, {""rank"": 16, ""feature"": ""C2"", ""importance"": 844.0, ""importance_pct"": 1.2964072316175907}, {""rank"": 17, ""feature"": ""C14"", ""importance"": 803.0, ""importance_pct"": 1.233430103067447}, {""rank"": 18, ""feature"": ""id_02"", ""importance"": 753.0, ""importance_pct"": 1.156628726786784}, {""rank"": 19, ""feature"": ""id_20"", ""importance"": 712.0, ""importance_pct"": 1.0936515982366404}, {""rank"": 20, ""feature"": ""D11"", ""importance"": 707.0, ""importance_pct"": 1.0859714606085742}]",
LightGBM - Feature Engineering,LightGBM,Feature Engineering,439,0.9455413689165848,0.3466718466718467,0.6587106299212598,0.45426777532665874,0.9163341854587412,0.5593236871747806,0.8072366590032801,0.45310014692576694,108999,5045,1387,2677,0.9251008040701049,"{""n_estimators"": 700, ""learning_rate"": 0.03702917556373974, ""num_leaves"": 95, ""max_depth"": 10, ""min_child_samples"": 61, ""subsample"": 0.7330736119556676, ""colsample_bytree"": 0.6676709278132404}","[{""rank"": 1, ""feature"": ""card1"", ""importance"": 2968.0, ""importance_pct"": 4.541976555565758}, {""rank"": 2, ""feature"": ""TransactionDT"", ""importance"": 2827.0, ""importance_pct"": 4.326202062865363}, {""rank"": 3, ""feature"": ""TransactionAmt"", ""importance"": 2792.0, ""importance_pct"": 4.272641018578031}, {""rank"": 4, ""feature"": ""card2"", ""importance"": 2606.0, ""importance_pct"": 3.988002326079638}, {""rank"": 5, ""feature"": ""uid"", ""importance"": 2466.0, ""importance_pct"": 3.77375814893031}, {""rank"": 6, ""feature"": ""addr1"", ""importance"": 2408.0, ""importance_pct"": 3.6849998469684446}, {""rank"": 7, ""feature"": ""uid2"", ""importance"": 1752.0, ""importance_pct"": 2.6811128454687356}, {""rank"": 8, ""feature"": ""C13"", ""importance"": 1472.0, ""importance_pct"": 2.2526244911700792}, {""rank"": 9, ""feature"": ""D15"", ""importance"": 1359.0, ""importance_pct"": 2.07969883389955}, {""rank"": 10, ""feature"": ""DT_day"", ""importance"": 1353.0, ""importance_pct"": 2.07051694059315}, {""rank"": 11, ""feature"": ""P_emaildomain"", ""importance"": 1292.0, ""importance_pct"": 1.9771676919780858}, {""rank"": 12, ""feature"": ""D10"", ""importance"": 1097.0, ""importance_pct"": 1.678756159520093}, {""rank"": 13, ""feature"": ""D1"", ""importance"": 1078.0, ""importance_pct"": 1.649680164049827}, {""rank"": 14, ""feature"": ""D2"", ""importance"": 1069.0, ""importance_pct"": 1.6359073240902275}, {""rank"": 15, ""feature"": ""dist1"", ""importance"": 1061.0, ""importance_pct"": 1.6236647996816944}, {""rank"": 16, ""feature"": ""DT_hour"", ""importance"": 1053.0, ""importance_pct"": 1.6114222752731615}, {""rank"": 17, ""feature"": ""card5"", ""importance"": 1048.0, ""importance_pct"": 1.603770697517828}, {""rank"": 18, ""feature"": ""D4"", ""importance"": 938.0, ""importance_pct"": 1.435435986900499}, {""rank"": 19, ""feature"": ""C1"", ""importance"": 910.0, ""importance_pct"": 1.3925871514706332}, {""rank"": 20, ""feature"": ""id_02"", ""importance"": 731.0, ""importance_pct"": 1.1186606678297064}]",
LightGBM - Reduced Baseline,LightGBM,Reduced Baseline,342,0.9641514546008738,0.48221757322175735,0.5671751968503937,0.5212573496155586,0.9117817029350738,0.5549680363518039,0.7727365234015218,0.5045495296922468,111569,2475,1759,2305,0.9234895876714913,"{""n_estimators"": 800, ""learning_rate"": 0.058392510717711, ""num_leaves"": 96, ""max_depth"": 12, ""min_child_samples"": 54, ""subsample"": 0.8072636662657275, ""colsample_bytree"": 0.7235819178002387}","[{""rank"": 1, ""feature"": ""card1"", ""importance"": 5426.0, ""importance_pct"": 7.145396842119125}, {""rank"": 2, ""feature"": ""TransactionDT"", ""importance"": 5162.0, ""importance_pct"": 6.7977402320344495}, {""rank"": 3, ""feature"": ""TransactionAmt"", ""importance"": 4376.0, ""importance_pct"": 5.762671688373257}, {""rank"": 4, ""feature"": ""card2"", ""importance"": 4080.0, ""importance_pct"": 5.372874883126802}, {""rank"": 5, ""feature"": ""addr1"", ""importance"": 3959.0, ""importance_pct"": 5.213532270171326}, {""rank"": 6, ""feature"": ""C13"", ""importance"": 1834.0, ""importance_pct"": 2.41515993520945}, {""rank"": 7, ""feature"": ""P_emaildomain"", ""importance"": 1818.0, ""importance_pct"": 2.3940898376285604}, {""rank"": 8, ""feature"": ""D15"", ""importance"": 1816.0, ""importance_pct"": 2.3914560754309493}, {""rank"": 9, ""feature"": ""dist1"", ""importance"": 1722.0, ""importance_pct"": 2.267669252143224}, {""rank"": 10, ""feature"": ""card5"", ""importance"": 1569.0, ""importance_pct"": 2.066186444025969}, {""rank"": 11, ""feature"": ""D10"", ""importance"": 1405.0, ""importance_pct"": 1.8502179438218525}, {""rank"": 12, ""feature"": ""C1"", ""importance"": 1325.0, ""importance_pct"": 1.744867455917405}, {""rank"": 13, ""feature"": ""D2"", ""importance"": 1257.0, ""importance_pct"": 1.655319541198625}, {""rank"": 14, ""feature"": ""D1"", ""importance"": 1219.0, ""importance_pct"": 1.6052780594440128}, {""rank"": 15, ""feature"": ""D4"", ""importance"": 1218.0, ""importance_pct"": 1.6039611783452072}, {""rank"": 16, ""feature"": ""id_02"", ""importance"": 1060.0, ""importance_pct"": 1.3958939647339241}, {""rank"": 17, ""feature"": ""id_20"", ""importance"": 936.0, ""importance_pct"": 1.2326007084820312}, {""rank"": 18, ""feature"": ""id_19"", ""importance"": 879.0, ""importance_pct"": 1.1575384858501125}, {""rank"": 19, ""feature"": ""DeviceInfo"", ""importance"": 858.0, ""importance_pct"": 1.1298839827751952}, {""rank"": 20, ""feature"": ""D11"", ""importance"": 848.0, ""importance_pct"": 1.1167151717871393}]",
LightGBM - Reduced Feature Engineering,LightGBM,Reduced Feature Engineering,348,0.9282944423747757,0.27870993670250177,0.6825787401574803,0.3958050938146536,0.9129178380212141,0.538143153658984,0.8098146761009772,0.4065788188344492,106865,7179,1290,2774,0.925851196105759,"{""n_estimators"": 500, ""learning_rate"": 0.04003965271318858, ""num_leaves"": 82, ""max_depth"": 10, ""min_child_samples"": 60, ""subsample"": 0.7545561730804785, ""colsample_bytree"": 0.7607586350559844}","[{""rank"": 1, ""feature"": ""TransactionDT"", ""importance"": 1850.0, ""importance_pct"": 4.576376004947433}, {""rank"": 2, ""feature"": ""TransactionAmt"", ""importance"": 1844.0, ""importance_pct"": 4.561533704390848}, {""rank"": 3, ""feature"": ""card1"", ""importance"": 1827.0, ""importance_pct"": 4.51948051948052}, {""rank"": 4, ""feature"": ""card2"", ""importance"": 1766.0, ""importance_pct"": 4.368583797155226}, {""rank"": 5, ""feature"": ""uid"", ""importance"": 1629.0, ""importance_pct"": 4.029684601113172}, {""rank"": 6, ""feature"": ""addr1"", ""importance"": 1532.0, ""importance_pct"": 3.789734075448361}, {""rank"": 7, ""feature"": ""uid2"", ""importance"": 1111.0, ""importance_pct"": 2.748299319727891}, {""rank"": 8, ""feature"": ""C13"", ""importance"": 1069.0, ""importance_pct"": 2.644403215831787}, {""rank"": 9, ""feature"": ""D15"", ""importance"": 972.0, ""importance_pct"": 2.404452690166976}, {""rank"": 10, ""feature"": ""C1"", ""importance"": 889.0, ""importance_pct"": 2.1991341991341993}, {""rank"": 11, ""feature"": ""P_emaildomain"", ""importance"": 865.0, ""importance_pct"": 2.139764996907854}, {""rank"": 12, ""feature"": ""D2"", ""importance"": 803.0, ""importance_pct"": 1.9863945578231295}, {""rank"": 13, ""feature"": ""D10"", ""importance"": 797.0, ""importance_pct"": 1.9715522572665427}, {""rank"": 14, ""feature"": ""D1"", ""importance"": 771.0, ""importance_pct"": 1.907235621521336}, {""rank"": 15, ""feature"": ""dist1"", ""importance"": 738.0, ""importance_pct"": 1.8256029684601112}, {""rank"": 16, ""feature"": ""card5"", ""importance"": 701.0, ""importance_pct"": 1.7340754483611627}, {""rank"": 17, ""feature"": ""D4"", ""importance"": 637.0, ""importance_pct"": 1.575757575757576}, {""rank"": 18, ""feature"": ""DT_hour"", ""importance"": 605.0, ""importance_pct"": 1.4965986394557822}, {""rank"": 19, ""feature"": ""C14"", ""importance"": 542.0, ""importance_pct"": 1.3407544836116265}, {""rank"": 20, ""feature"": ""D11"", ""importance"": 451.0, ""importance_pct"": 1.1156462585034013}]",
XGBoost - Baseline,XGBoost,Baseline,432,0.964684864700105,0.4887249736564805,0.5706200787401575,0.5265069814961971,0.9114342892365483,0.5623814828228725,0.7746737937105088,0.5099252509801907,111618,2426,1745,2319,0.9229594149569254,"{""n_estimators"": 500, ""learning_rate"": 0.05156911709595948, ""max_depth"": 10, ""min_child_weight"": 9.905500691040231, ""subsample"": 0.8708817658975764, ""colsample_bytree"": 0.7930734353629822, ""gamma"": 1.461192327509932}","[{""rank"": 1, ""feature"": ""V258"", ""importance"": 0.136172816157341, ""importance_pct"": 13.617282160271008}, {""rank"": 2, ""feature"": ""V70"", ""importance"": 0.07634136080741882, ""importance_pct"": 7.63413638602079}, {""rank"": 3, ""feature"": ""V257"", ""importance"": 0.05850052088499069, ""importance_pct"": 5.85005232243484}, {""rank"": 4, ""feature"": ""V218"", ""importance"": 0.05594128370285034, ""importance_pct"": 5.594128593986757}, {""rank"": 5, ""feature"": ""V91"", ""importance"": 0.033972714096307755, ""importance_pct"": 3.397271545483123}, {""rank"": 6, ""feature"": ""V294"", ""importance"": 0.027643203735351562, ""importance_pct"": 2.7643204840766367}, {""rank"": 7, ""feature"": ""V322"", ""importance"": 0.01307598128914833, ""importance_pct"": 1.3075981812039361}, {""rank"": 8, ""feature"": ""C8"", ""importance"": 0.011400597169995308, ""importance_pct"": 1.1400597625889966}, {""rank"": 9, ""feature"": ""V201"", ""importance"": 0.009953854605555534, ""importance_pct"": 0.9953855003596888}, {""rank"": 10, ""feature"": ""V264"", ""importance"": 0.009121490642428398, ""importance_pct"": 0.9121491007184629}, {""rank"": 11, ""feature"": ""V187"", ""importance"": 0.008716701529920101, ""importance_pct"": 0.8716701878489356}, {""rank"": 12, ""feature"": ""C14"", ""importance"": 0.007930789142847061, ""importance_pct"": 0.7930789459988729}, {""rank"": 13, ""feature"": ""V283"", ""importance"": 0.007513753604143858, ""importance_pct"": 0.7513753904608831}, {""rank"": 14, ""feature"": ""V317"", ""importance"": 0.007474803831428289, ""importance_pct"": 0.7474804130335714}, {""rank"": 15, ""feature"": ""V90"", ""importance"": 0.006399784702807665, ""importance_pct"": 0.6399784958726509}, {""rank"": 16, ""feature"": ""V138"", ""importance"": 0.005802507977932692, ""importance_pct"": 0.5802508209967236}, {""rank"": 17, ""feature"": ""C4"", ""importance"": 0.0057295626029372215, ""importance_pct"": 0.5729562832054779}, {""rank"": 18, ""feature"": ""V318"", ""importance"": 0.005388716235756874, ""importance_pct"": 0.5388716451244441}, {""rank"": 19, ""feature"": ""V69"", ""importance"": 0.0051758731715381145, ""importance_pct"": 0.5175873378514371}, {""rank"": 20, ""feature"": ""addr2"", ""importance"": 0.005036185495555401, ""importance_pct"": 0.5036185696945734}]",
XGBoost - Feature Engineering,XGBoost,Feature Engineering,439,0.9748535238933858,0.6805280528052805,0.5073818897637795,0.5813363405694953,0.919640677952176,0.5964534125047576,0.7494469688726302,0.5751800709786459,113076,968,2002,2062,0.924738920658331,"{""n_estimators"": 700, ""learning_rate"": 0.07627467579795179, ""max_depth"": 10, ""min_child_weight"": 8.34432054049989, ""subsample"": 0.8332908615865308, ""colsample_bytree"": 0.8858612346238909, ""gamma"": 1.9965833820037882}","[{""rank"": 1, ""feature"": ""V258"", ""importance"": 0.21071606874465942, ""importance_pct"": 21.07160650267436}, {""rank"": 2, ""feature"": ""V257"", ""importance"": 0.06607411056756973, ""importance_pct"": 6.607410940174511}, {""rank"": 3, ""feature"": ""V70"", ""importance"": 0.06012945622205734, ""importance_pct"": 6.012945516112138}, {""rank"": 4, ""feature"": ""V91"", ""importance"": 0.036341115832328796, ""importance_pct"": 3.6341115191118996}, {""rank"": 5, ""feature"": ""V294"", ""importance"": 0.03628864139318466, ""importance_pct"": 3.6288640752900725}, {""rank"": 6, ""feature"": ""V201"", ""importance"": 0.010582735762000084, ""importance_pct"": 1.058273557527621}, {""rank"": 7, ""feature"": ""V187"", ""importance"": 0.008199895732104778, ""importance_pct"": 0.8199895587424203}, {""rank"": 8, ""feature"": ""C14"", ""importance"": 0.00788130797445774, ""importance_pct"": 0.7881307835398391}, {""rank"": 9, ""feature"": ""C8"", ""importance"": 0.00776699697598815, ""importance_pct"": 0.7766996838945726}, {""rank"": 10, ""feature"": ""V264"", ""importance"": 0.007727251388132572, ""importance_pct"": 0.7727251251791427}, {""rank"": 11, ""feature"": ""V336"", ""importance"": 0.0074004861526191235, ""importance_pct"": 0.7400486022043489}, {""rank"": 12, ""feature"": ""V283"", ""importance"": 0.006574610713869333, ""importance_pct"": 0.6574610597865608}, {""rank"": 13, ""feature"": ""C4"", ""importance"": 0.006530051119625568, ""importance_pct"": 0.6530051004408061}, {""rank"": 14, ""feature"": ""V162"", ""importance"": 0.006390721071511507, ""importance_pct"": 0.6390720958752366}, {""rank"": 15, ""feature"": ""V322"", ""importance"": 0.006206622812896967, ""importance_pct"": 0.6206622703386092}, {""rank"": 16, ""feature"": ""V138"", ""importance"": 0.00587522704154253, ""importance_pct"": 0.5875226937878867}, {""rank"": 17, ""feature"": ""addr2"", ""importance"": 0.005617844872176647, ""importance_pct"": 0.5617844773054286}, {""rank"": 18, ""feature"": ""V121"", ""importance"": 0.0053039612248539925, ""importance_pct"": 0.5303961131269856}, {""rank"": 19, ""feature"": ""V197"", ""importance"": 0.005176674108952284, ""importance_pct"": 0.5176674017614027}, {""rank"": 20, ""feature"": ""V161"", ""importance"": 0.004194237757474184, ""importance_pct"": 0.4194237683470227}]",
XGBoost - Reduced Baseline,XGBoost,Reduced Baseline,342,0.9652690757611677,0.4958641706573792,0.5605314960629921,0.5262185262185263,0.9119543897720648,0.5603854665837974,0.7701117723729782,0.509291431362419,111728,2316,1786,2278,0.9209202428076597,"{""n_estimators"": 500, ""learning_rate"": 0.05156911709595948, ""max_depth"": 10, ""min_child_weight"": 9.905500691040231, ""subsample"": 0.8708817658975764, ""colsample_bytree"": 0.7930734353629822, ""gamma"": 1.461192327509932}","[{""rank"": 1, ""feature"": ""V258"", ""importance"": 0.15937793254852295, ""importance_pct"": 15.937792961988482}, {""rank"": 2, ""feature"": ""V70"", ""importance"": 0.08223641663789749, ""importance_pct"": 8.223641512676792}, {""rank"": 3, ""feature"": ""V218"", ""importance"": 0.07320227473974228, ""importance_pct"": 7.320227339461896}, {""rank"": 4, ""feature"": ""V257"", ""importance"": 0.0696786493062973, ""importance_pct"": 6.967864802592212}, {""rank"": 5, ""feature"": ""V91"", ""importance"": 0.03344234079122543, ""importance_pct"": 3.344234017670802}, {""rank"": 6, ""feature"": ""V201"", ""importance"": 0.024803083389997482, ""importance_pct"": 2.4803082934230147}, {""rank"": 7, ""feature"": ""V317"", ""importance"": 0.021759675815701485, ""importance_pct"": 2.1759675415858073}, {""rank"": 8, ""feature"": ""C4"", ""importance"": 0.01266699843108654, ""importance_pct"": 1.2666998198324988}, {""rank"": 9, ""feature"": ""V187"", ""importance"": 0.008132701739668846, ""importance_pct"": 0.813270159022695}, {""rank"": 10, ""feature"": ""V264"", ""importance"": 0.00764997536316514, ""importance_pct"": 0.7649975222593548}, {""rank"": 11, ""feature"": ""V295"", ""importance"": 0.007456216961145401, ""importance_pct"": 0.7456216824134203}, {""rank"": 12, ""feature"": ""C14"", ""importance"": 0.007354439236223698, ""importance_pct"": 0.735443910108271}, {""rank"": 13, ""feature"": ""V283"", ""importance"": 0.00679105706512928, ""importance_pct"": 0.6791056940340682}, {""rank"": 14, ""feature"": ""addr2"", ""importance"": 0.006198573391884565, ""importance_pct"": 0.619857327798311}, {""rank"": 15, ""feature"": ""V323"", ""importance"": 0.005573451053351164, ""importance_pct"": 0.55734509509366}, {""rank"": 16, ""feature"": ""V312"", ""importance"": 0.005120820365846157, ""importance_pct"": 0.5120820271748877}, {""rank"": 17, ""feature"": ""card6"", ""importance"": 0.005047801416367292, ""importance_pct"": 0.5047801323611768}, {""rank"": 18, ""feature"": ""V156"", ""importance"": 0.004798745736479759, ""importance_pct"": 0.47987456483007396}, {""rank"": 19, ""feature"": ""V318"", ""importance"": 0.004528189543634653, ""importance_pct"": 0.452818946042722}, {""rank"": 20, ""feature"": ""V197"", ""importance"": 0.00443127378821373, ""importance_pct"": 0.44312737067871655}]",
XGBoost - Reduced Feature Engineering,XGBoost,Reduced Feature Engineering,348,0.9704338402140413,0.5761043108036189,0.5327263779527559,0.5535668626949629,0.9163280772519903,0.5716665962147515,0.7593790425065944,0.5387427966384238,112451,1593,1899,2165,0.922653574449446,"{""n_estimators"": 600, ""learning_rate"": 0.05367916265026271, ""max_depth"": 10, ""min_child_weight"": 9.990883610300589, ""subsample"": 0.8391998921110788, ""colsample_bytree"": 0.8072636662657275, ""gamma"": 1.4684735955100456}","[{""rank"": 1, ""feature"": ""V258"", ""importance"": 0.19487451016902924, ""importance_pct"": 19.487452520442798}, {""rank"": 2, ""feature"": ""V70"", ""importance"": 0.06724575161933899, ""importance_pct"": 6.724575680763523}, {""rank"": 3, ""feature"": ""V257"", ""importance"": 0.06508320569992065, ""importance_pct"": 6.508321072136726}, {""rank"": 4, ""feature"": ""V218"", ""importance"": 0.059904009103775024, ""importance_pct"": 5.990401372562455}, {""rank"": 5, ""feature"": ""V91"", ""importance"": 0.04233936965465546, ""importance_pct"": 4.233937292131821}, {""rank"": 6, ""feature"": ""V317"", ""importance"": 0.020726336166262627, ""importance_pct"": 2.072633776538777}, {""rank"": 7, ""feature"": ""V201"", ""importance"": 0.01611432619392872, ""importance_pct"": 1.611432743721764}, {""rank"": 8, ""feature"": ""C4"", ""importance"": 0.011740997433662415, ""importance_pct"": 1.1740998339530389}, {""rank"": 9, ""feature"": ""V187"", ""importance"": 0.009366034530103207, ""importance_pct"": 0.9366035252732675}, {""rank"": 10, ""feature"": ""V264"", ""importance"": 0.008100118488073349, ""importance_pct"": 0.8100119113032002}, {""rank"": 11, ""feature"": ""C14"", ""importance"": 0.00774732232093811, ""importance_pct"": 0.7747322918677034}, {""rank"": 12, ""feature"": ""V323"", ""importance"": 0.0064695714972913265, ""importance_pct"": 0.6469571996446332}, {""rank"": 13, ""feature"": ""V283"", ""importance"": 0.006406489759683609, ""importance_pct"": 0.6406490253971588}, {""rank"": 14, ""feature"": ""addr2"", ""importance"": 0.005909408908337355, ""importance_pct"": 0.5909409364273429}, {""rank"": 15, ""feature"": ""V312"", ""importance"": 0.004802883602678776, ""importance_pct"": 0.48028839732417083}, {""rank"": 16, ""feature"": ""V156"", ""importance"": 0.004678480792790651, ""importance_pct"": 0.4678481153755377}, {""rank"": 17, ""feature"": ""V295"", ""importance"": 0.00461800629273057, ""importance_pct"": 0.461800664902943}, {""rank"": 18, ""feature"": ""card6"", ""importance"": 0.004422800149768591, ""importance_pct"": 0.44228004910064656}, {""rank"": 19, ""feature"": ""V122"", ""importance"": 0.004380004480481148, ""importance_pct"": 0.4380004818417154}, {""rank"": 20, ""feature"": ""ProductCD"", ""importance"": 0.0042137992568314075, ""importance_pct"": 0.4213799581943973}]",
CatBoost - Baseline,CatBoost,Baseline,432,0.9025298878992108,0.2227516378796903,0.7362204724409449,0.3420210333790581,0.9078351368286643,0.5155926023008146,0.8223384288478794,0.37013593404811723,103604,10440,1072,2992,0.9159545098987503,"{""iterations"": 800, ""learning_rate"": 0.053769175187915456, ""depth"": 6, ""l2_leaf_reg"": 3.5497480217818174}","[{""rank"": 1, ""feature"": ""card2"", ""importance"": 4.971624846573927, ""importance_pct"": 4.971624846573927}, {""rank"": 2, ""feature"": ""C1"", ""importance"": 4.610614476185074, ""importance_pct"": 4.610614476185073}, {""rank"": 3, ""feature"": ""C13"", ""importance"": 4.428542979638811, ""importance_pct"": 4.42854297963881}, {""rank"": 4, ""feature"": ""card1"", ""importance"": 4.0856331629845215, ""importance_pct"": 4.085633162984521}, {""rank"": 5, ""feature"": ""addr1"", ""importance"": 3.6447589584224738, ""importance_pct"": 3.6447589584224733}, {""rank"": 6, ""feature"": ""C14"", ""importance"": 3.328852034631594, ""importance_pct"": 3.3288520346315935}, {""rank"": 7, ""feature"": ""TransactionAmt"", ""importance"": 3.064856676522925, ""importance_pct"": 3.0648566765229246}, {""rank"": 8, ""feature"": ""D2"", ""importance"": 2.93721264101235, ""importance_pct"": 2.9372126410123496}, {""rank"": 9, ""feature"": ""TransactionDT"", ""importance"": 2.642591569703054, ""importance_pct"": 2.6425915697030535}, {""rank"": 10, ""feature"": ""C11"", ""importance"": 2.3588947925431194, ""importance_pct"": 2.358894792543119}, {""rank"": 11, ""feature"": ""C2"", ""importance"": 2.2935509667335285, ""importance_pct"": 2.293550966733528}, {""rank"": 12, ""feature"": ""P_emaildomain"", ""importance"": 1.941924404811279, ""importance_pct"": 1.9419244048112787}, {""rank"": 13, ""feature"": ""D15"", ""importance"": 1.9363517596148945, ""importance_pct"": 1.9363517596148943}, {""rank"": 14, ""feature"": ""card6"", ""importance"": 1.8318422420330558, ""importance_pct"": 1.8318422420330556}, {""rank"": 15, ""feature"": ""C6"", ""importance"": 1.6676630510273944, ""importance_pct"": 1.6676630510273942}, {""rank"": 16, ""feature"": ""D1"", ""importance"": 1.6252629205742462, ""importance_pct"": 1.625262920574246}, {""rank"": 17, ""feature"": ""card5"", ""importance"": 1.5892403570945557, ""importance_pct"": 1.5892403570945555}, {""rank"": 18, ""feature"": ""M6"", ""importance"": 1.5395343011073317, ""importance_pct"": 1.5395343011073315}, {""rank"": 19, ""feature"": ""R_emaildomain"", ""importance"": 1.4306068301857602, ""importance_pct"": 1.43060683018576}, {""rank"": 20, ""feature"": ""M4"", ""importance"": 1.4264075983116566, ""importance_pct"": 1.4264075983116564}]",
CatBoost - Feature Engineering,CatBoost,Feature Engineering,439,0.8987452162427608,0.21492019932115258,0.7322834645669292,0.3323097537825917,0.9086528231126155,0.5065348497345318,0.8184803033612942,0.3608999776255995,103173,10871,1088,2976,0.9190078147569946,"{""iterations"": 800, ""learning_rate"": 0.03283396276465817, ""depth"": 7, ""l2_leaf_reg"": 1.0960177507411952}","[{""rank"": 1, ""feature"": ""C1"", ""importance"": 5.12581545764103, ""importance_pct"": 5.125815457641034}, {""rank"": 2, ""feature"": ""card2"", ""importance"": 4.5782084106817855, ""importance_pct"": 4.578208410681789}, {""rank"": 3, ""feature"": ""C13"", ""importance"": 4.273402196883535, ""importance_pct"": 4.273402196883539}, {""rank"": 4, ""feature"": ""uid"", ""importance"": 3.4407549518171328, ""importance_pct"": 3.440754951817135}, {""rank"": 5, ""feature"": ""card1"", ""importance"": 3.123806407633884, ""importance_pct"": 3.1238064076338863}, {""rank"": 6, ""feature"": ""C14"", ""importance"": 3.121891944229283, ""importance_pct"": 3.121891944229285}, {""rank"": 7, ""feature"": ""addr1"", ""importance"": 2.985530915568959, ""importance_pct"": 2.9855309155689613}, {""rank"": 8, ""feature"": ""TransactionAmt"", ""importance"": 2.843835284950017, ""importance_pct"": 2.843835284950019}, {""rank"": 9, ""feature"": ""D2"", ""importance"": 2.452273661415428, ""importance_pct"": 2.45227366141543}, {""rank"": 10, ""feature"": ""C2"", ""importance"": 2.4415701509777668, ""importance_pct"": 2.4415701509777685}, {""rank"": 11, ""feature"": ""card6"", ""importance"": 2.017064364939089, ""importance_pct"": 2.0170643649390905}, {""rank"": 12, ""feature"": ""P_emaildomain"", ""importance"": 2.0062412730387424, ""importance_pct"": 2.0062412730387438}, {""rank"": 13, ""feature"": ""D15"", ""importance"": 1.966236757289914, ""importance_pct"": 1.9662367572899155}, {""rank"": 14, ""feature"": ""C11"", ""importance"": 1.8630258306411063, ""importance_pct"": 1.8630258306411078}, {""rank"": 15, ""feature"": ""C6"", ""importance"": 1.7484079868848248, ""importance_pct"": 1.7484079868848261}, {""rank"": 16, ""feature"": ""TransactionDT"", ""importance"": 1.7328313660776542, ""importance_pct"": 1.7328313660776553}, {""rank"": 17, ""feature"": ""uid2"", ""importance"": 1.6718465437859824, ""importance_pct"": 1.6718465437859837}, {""rank"": 18, ""feature"": ""D1"", ""importance"": 1.592010923826761, ""importance_pct"": 1.5920109238267623}, {""rank"": 19, ""feature"": ""M6"", ""importance"": 1.5867219547594833, ""importance_pct"": 1.5867219547594842}, {""rank"": 20, ""feature"": ""card5"", ""importance"": 1.5484295894460156, ""importance_pct"": 1.5484295894460167}]",
CatBoost - Reduced Baseline,CatBoost,Reduced Baseline,342,0.9099468283266163,0.23559703894431927,0.7204724409448819,0.3550812515158865,0.9093070916716216,0.5118657593542985,0.818585629472476,0.37850552522950587,104544,9500,1136,2928,0.9155336424082408,"{""iterations"": 700, ""learning_rate"": 0.08322969653611181, ""depth"": 6, ""l2_leaf_reg"": 6.541633372363897}","[{""rank"": 1, ""feature"": ""C1"", ""importance"": 8.669153228529154, ""importance_pct"": 8.66915322852915}, {""rank"": 2, ""feature"": ""card2"", ""importance"": 4.751525732612409, ""importance_pct"": 4.751525732612407}, {""rank"": 3, ""feature"": ""card1"", ""importance"": 4.673340939100245, ""importance_pct"": 4.6733409391002425}, {""rank"": 4, ""feature"": ""C14"", ""importance"": 4.018969596725527, ""importance_pct"": 4.018969596725525}, {""rank"": 5, ""feature"": ""addr1"", ""importance"": 3.7987360106632084, ""importance_pct"": 3.798736010663207}, {""rank"": 6, ""feature"": ""C13"", ""importance"": 3.7738804524446143, ""importance_pct"": 3.7738804524446126}, {""rank"": 7, ""feature"": ""TransactionAmt"", ""importance"": 3.327483505901979, ""importance_pct"": 3.3274835059019776}, {""rank"": 8, ""feature"": ""TransactionDT"", ""importance"": 3.039718055713074, ""importance_pct"": 3.0397180557130725}, {""rank"": 9, ""feature"": ""P_emaildomain"", ""importance"": 2.361040116904646, ""importance_pct"": 2.361040116904645}, {""rank"": 10, ""feature"": ""D2"", ""importance"": 2.236070612586529, ""importance_pct"": 2.236070612586528}, {""rank"": 11, ""feature"": ""D15"", ""importance"": 1.9853259854634495, ""importance_pct"": 1.9853259854634486}, {""rank"": 12, ""feature"": ""card6"", ""importance"": 1.964988660832727, ""importance_pct"": 1.9649886608327263}, {""rank"": 13, ""feature"": ""D1"", ""importance"": 1.9231558741442587, ""importance_pct"": 1.923155874144258}, {""rank"": 14, ""feature"": ""C5"", ""importance"": 1.7980221747254397, ""importance_pct"": 1.7980221747254388}, {""rank"": 15, ""feature"": ""R_emaildomain"", ""importance"": 1.538995507484075, ""importance_pct"": 1.5389955074840744}, {""rank"": 16, ""feature"": ""D10"", ""importance"": 1.5277676159946951, ""importance_pct"": 1.5277676159946945}, {""rank"": 17, ""feature"": ""M5"", ""importance"": 1.4001075000761187, ""importance_pct"": 1.400107500076118}, {""rank"": 18, ""feature"": ""card5"", ""importance"": 1.3841859612628167, ""importance_pct"": 1.3841859612628162}, {""rank"": 19, ""feature"": ""C4"", ""importance"": 1.3792413657988392, ""importance_pct"": 1.3792413657988385}, {""rank"": 20, ""feature"": ""V258"", ""importance"": 1.3657594615234914, ""importance_pct"": 1.365759461523491}]",
CatBoost - Reduced Feature Engineering,CatBoost,Reduced Feature Engineering,348,0.9033850374233752,0.22273379122952675,0.7261318897637795,0.34089990180789004,0.9095009360767512,0.5093557885512086,0.8179167042379278,0.36725017185281333,103746,10298,1113,2951,0.918220064750327,"{""iterations"": 650, ""learning_rate"": 0.04955057618136131, ""depth"": 7, ""l2_leaf_reg"": 2.2626041404726016}","[{""rank"": 1, ""feature"": ""C1"", ""importance"": 8.405153140985316, ""importance_pct"": 8.40515314098532}, {""rank"": 2, ""feature"": ""card2"", ""importance"": 4.525378234221696, ""importance_pct"": 4.525378234221698}, {""rank"": 3, ""feature"": ""C13"", ""importance"": 3.555558737780253, ""importance_pct"": 3.5555587377802538}, {""rank"": 4, ""feature"": ""addr1"", ""importance"": 3.540113911663566, ""importance_pct"": 3.540113911663567}, {""rank"": 5, ""feature"": ""C14"", ""importance"": 3.487961696721767, ""importance_pct"": 3.4879616967217677}, {""rank"": 6, ""feature"": ""TransactionAmt"", ""importance"": 3.2068520715398345, ""importance_pct"": 3.2068520715398354}, {""rank"": 7, ""feature"": ""uid"", ""importance"": 3.191091755499974, ""importance_pct"": 3.1910917554999743}, {""rank"": 8, ""feature"": ""card1"", ""importance"": 2.9155080595188037, ""importance_pct"": 2.9155080595188045}, {""rank"": 9, ""feature"": ""D2"", ""importance"": 2.8081406048504656, ""importance_pct"": 2.8081406048504665}, {""rank"": 10, ""feature"": ""P_emaildomain"", ""importance"": 2.343995148550494, ""importance_pct"": 2.343995148550495}, {""rank"": 11, ""feature"": ""D15"", ""importance"": 2.2607381344968314, ""importance_pct"": 2.2607381344968323}, {""rank"": 12, ""feature"": ""card5"", ""importance"": 2.054185554090993, ""importance_pct"": 2.0541855540909935}, {""rank"": 13, ""feature"": ""card6"", ""importance"": 2.032792539759774, ""importance_pct"": 2.032792539759775}, {""rank"": 14, ""feature"": ""TransactionDT"", ""importance"": 1.969174891771433, ""importance_pct"": 1.9691748917714333}, {""rank"": 15, ""feature"": ""M5"", ""importance"": 1.8142009416342375, ""importance_pct"": 1.8142009416342382}, {""rank"": 16, ""feature"": ""uid2"", ""importance"": 1.6942067944200165, ""importance_pct"": 1.6942067944200172}, {""rank"": 17, ""feature"": ""D10"", ""importance"": 1.6612644039477689, ""importance_pct"": 1.6612644039477695}, {""rank"": 18, ""feature"": ""M6"", ""importance"": 1.5582016839571997, ""importance_pct"": 1.5582016839572002}, {""rank"": 19, ""feature"": ""C9"", ""importance"": 1.5243234785415878, ""importance_pct"": 1.5243234785415882}, {""rank"": 20, ""feature"": ""D1"", ""importance"": 1.338662477603827, ""importance_pct"": 1.3386624776038274}]",
Logistic Regression - Baseline - SMOTE,LogisticRegression,Baseline,432,0.7362244725166797,0.09460672812163294,0.7778051181102362,0.16869463123065429,0.8299829607138782,0.20593566644364594,0.7562739244930192,0.20742676738691468,83793,30251,903,3161,0.8538374558666219,"{""C"": 1.9942666309136752}","[{""rank"": 1, ""feature"": ""C11"", ""importance"": 16.78498649597168, ""importance_pct"": 1.6295853405870055}, {""rank"": 2, ""feature"": ""V45"", ""importance"": 15.52238655090332, ""importance_pct"": 1.5070047021096884}, {""rank"": 3, ""feature"": ""V87"", ""importance"": 14.65749740600586, ""importance_pct"": 1.4230361703449481}, {""rank"": 4, ""feature"": ""V218"", ""importance"": 14.041770935058594, ""importance_pct"": 1.3632578183571262}, {""rank"": 5, ""feature"": ""V300"", ""importance"": 13.717161178588867, ""importance_pct"": 1.3317427914798905}, {""rank"": 6, ""feature"": ""V258"", ""importance"": 13.416513442993164, ""importance_pct"": 1.3025541387082593}, {""rank"": 7, ""feature"": ""V123"", ""importance"": 12.905436515808105, ""importance_pct"": 1.2529357807397914}, {""rank"": 8, ""feature"": ""C12"", ""importance"": 12.542881965637207, ""importance_pct"": 1.2177368498223669}, {""rank"": 9, ""feature"": ""C14"", ""importance"": 12.078653335571289, ""importance_pct"": 1.1726668004411673}, {""rank"": 10, ""feature"": ""V283"", ""importance"": 11.637639999389648, ""importance_pct"": 1.1298506285117205}, {""rank"": 11, ""feature"": ""V201"", ""importance"": 11.143810272216797, ""importance_pct"": 1.0819067302941023}, {""rank"": 12, ""feature"": ""V44"", ""importance"": 10.372753143310547, ""importance_pct"": 1.007047963245211}, {""rank"": 13, ""feature"": ""V229"", ""importance"": 10.136287689208984, ""importance_pct"": 0.9840905043487361}, {""rank"": 14, ""feature"": ""V281"", ""importance"": 9.373416900634766, ""importance_pct"": 0.9100265154309642}, {""rank"": 15, ""feature"": ""V257"", ""importance"": 9.1088228225708, ""importance_pct"": 0.8843381640627548}, {""rank"": 16, ""feature"": ""V200"", ""importance"": 9.035014152526855, ""importance_pct"": 0.8771723836946443}, {""rank"": 17, ""feature"": ""V223"", ""importance"": 8.511626243591309, ""importance_pct"": 0.8263588031149669}, {""rank"": 18, ""feature"": ""V187"", ""importance"": 8.335494041442871, ""importance_pct"": 0.8092588516377772}, {""rank"": 19, ""feature"": ""V199"", ""importance"": 8.236459732055664, ""importance_pct"": 0.7996440176412598}, {""rank"": 20, ""feature"": ""V115"", ""importance"": 8.20959758758545, ""importance_pct"": 0.7970360824572846}]",SMOTE
Logistic Regression - Baseline - Undersampling,LogisticRegression,Baseline,432,0.7052274189724659,0.08746746800461484,0.8021653543307087,0.1577355751784202,0.8323318736697012,0.1958028441918515,0.751969177112743,0.19765138739479354,80033,34011,804,3260,0.8538374558666219,"{""C"": 1.9942666309136752}","[{""rank"": 1, ""feature"": ""C14"", ""importance"": 8.478578567504883, ""importance_pct"": 3.3113509888545307}, {""rank"": 2, ""feature"": ""C11"", ""importance"": 8.198714256286621, ""importance_pct"": 3.2020485914869488}, {""rank"": 3, ""feature"": ""V283"", ""importance"": 6.458077430725098, ""importance_pct"": 2.522234230191718}, {""rank"": 4, ""feature"": ""C4"", ""importance"": 4.012576103210449, ""importance_pct"": 1.5671315352486213}, {""rank"": 5, ""feature"": ""C12"", ""importance"": 3.326786994934082, ""importance_pct"": 1.2992931913851753}, {""rank"": 6, ""feature"": ""V123"", ""importance"": 3.020622968673706, ""importance_pct"": 1.1797193096269112}, {""rank"": 7, ""feature"": ""V271"", ""importance"": 2.973198890686035, ""importance_pct"": 1.1611976003227296}, {""rank"": 8, ""feature"": ""V95"", ""importance"": 2.929077625274658, ""importance_pct"": 1.1439658208816068}, {""rank"": 9, ""feature"": ""V266"", ""importance"": 2.8911428451538086, ""importance_pct"": 1.1291502040108037}, {""rank"": 10, ""feature"": ""V300"", ""importance"": 2.7794976234436035, ""importance_pct"": 1.085546607916539}, {""rank"": 11, ""feature"": ""V105"", ""importance"": 2.773861885070801, ""importance_pct"": 1.08334554229155}, {""rank"": 12, ""feature"": ""V218"", ""importance"": 2.3394417762756348, ""importance_pct"": 0.9136806102060647}, {""rank"": 13, ""feature"": ""V115"", ""importance"": 2.2308645248413086, ""importance_pct"": 0.8712752251475208}, {""rank"": 14, ""feature"": ""C8"", ""importance"": 2.1620099544525146, ""importance_pct"": 0.844383730549838}, {""rank"": 15, ""feature"": ""V125"", ""importance"": 2.1300292015075684, ""importance_pct"": 0.8318934885776242}, {""rank"": 16, ""feature"": ""V290"", ""importance"": 2.04854154586792, ""importance_pct"": 0.8000680797625244}, {""rank"": 17, ""feature"": ""V294"", ""importance"": 1.9262765645980835, ""importance_pct"": 0.7523168838035892}, {""rank"": 18, ""feature"": ""V45"", ""importance"": 1.9062659740447998, ""importance_pct"": 0.7445016482321295}, {""rank"": 19, ""feature"": ""V87"", ""importance"": 1.9038804769515991, ""importance_pct"": 0.7435699804890535}, {""rank"": 20, ""feature"": ""V308"", ""importance"": 1.8326328992843628, ""importance_pct"": 0.7157438850081312}]",Undersampling
Logistic Regression - Feature Engineering - SMOTE,LogisticRegression,Feature Engineering,439,0.7452247095878348,0.09676819632510147,0.7684547244094488,0.17189091009164212,0.8294023897945729,0.20261585085970726,0.7564258119258847,0.20977461398199998,84894,29150,941,3123,0.8516996235225341,"{""C"": 6.051195987836167}","[{""rank"": 1, ""feature"": ""C11"", ""importance"": 19.367450714111328, ""importance_pct"": 1.7823294968139713}, {""rank"": 2, ""feature"": ""V45"", ""importance"": 16.119375228881836, ""importance_pct"": 1.4834186679879118}, {""rank"": 3, ""feature"": ""V87"", ""importance"": 15.549155235290527, ""importance_pct"": 1.43094299995844}, {""rank"": 4, ""feature"": ""V218"", ""importance"": 14.665943145751953, ""importance_pct"": 1.349663590377687}, {""rank"": 5, ""feature"": ""V258"", ""importance"": 14.0787935256958, ""importance_pct"": 1.2956299386433}, {""rank"": 6, ""feature"": ""V300"", ""importance"": 14.057768821716309, ""importance_pct"": 1.2936950970052556}, {""rank"": 7, ""feature"": ""C12"", ""importance"": 13.99006175994873, ""importance_pct"": 1.2874642153516866}, {""rank"": 8, ""feature"": ""V123"", ""importance"": 13.159635543823242, ""importance_pct"": 1.2110425343686722}, {""rank"": 9, ""feature"": ""C14"", ""importance"": 12.506067276000977, ""importance_pct"": 1.1508965699298677}, {""rank"": 10, ""feature"": ""V283"", ""importance"": 12.086298942565918, ""importance_pct"": 1.112266525451963}, {""rank"": 11, ""feature"": ""V201"", ""importance"": 11.737956047058105, ""importance_pct"": 1.080209553843573}, {""rank"": 12, ""feature"": ""V44"", ""importance"": 10.701869010925293, ""importance_pct"": 0.9848615127913457}, {""rank"": 13, ""feature"": ""V229"", ""importance"": 10.587911605834961, ""importance_pct"": 0.9743743481422115}, {""rank"": 14, ""feature"": ""V257"", ""importance"": 9.6734037399292, ""importance_pct"": 0.8902148803561577}, {""rank"": 15, ""feature"": ""V200"", ""importance"": 9.45988655090332, ""importance_pct"": 0.8705655217650269}, {""rank"": 16, ""feature"": ""V281"", ""importance"": 9.151869773864746, ""importance_pct"": 0.8422196441720906}, {""rank"": 17, ""feature"": ""V223"", ""importance"": 8.915372848510742, ""importance_pct"": 0.8204555280689252}, {""rank"": 18, ""feature"": ""V187"", ""importance"": 8.778571128845215, ""importance_pct"": 0.8078660683731744}, {""rank"": 19, ""feature"": ""V199"", ""importance"": 8.635735511779785, ""importance_pct"": 0.7947213268556007}, {""rank"": 20, ""feature"": ""V86"", ""importance"": 8.594805717468262, ""importance_pct"": 0.7909546783288122}]",SMOTE
Logistic Regression - Feature Engineering - Undersampling,LogisticRegression,Feature Engineering,439,0.7072001896569242,0.08788418948846756,0.8006889763779528,0.15838403504502313,0.832560589440959,0.19888877338331823,0.7522788293204695,0.19824774146356755,80272,33772,810,3254,0.8516996235225341,"{""C"": 6.051195987836167}","[{""rank"": 1, ""feature"": ""C11"", ""importance"": 11.652995109558105, ""importance_pct"": 2.6341150887846165}, {""rank"": 2, ""feature"": ""C14"", ""importance"": 10.364391326904297, ""importance_pct"": 2.3428311196899068}, {""rank"": 3, ""feature"": ""V283"", ""importance"": 8.33055591583252, ""importance_pct"": 1.8830903840214963}, {""rank"": 4, ""feature"": ""C12"", ""importance"": 6.593193054199219, ""importance_pct"": 1.4903661371222077}, {""rank"": 5, ""feature"": ""V218"", ""importance"": 5.28838586807251, ""importance_pct"": 1.1954194504878137}, {""rank"": 6, ""feature"": ""V123"", ""importance"": 4.843260288238525, ""importance_pct"": 1.094800511303417}, {""rank"": 7, ""feature"": ""V45"", ""importance"": 4.683082103729248, ""importance_pct"": 1.058592843768747}, {""rank"": 8, ""feature"": ""V87"", ""importance"": 4.666440486907959, ""importance_pct"": 1.0548310697734269}, {""rank"": 9, ""feature"": ""V300"", ""importance"": 4.441421985626221, ""importance_pct"": 1.0039664959956724}, {""rank"": 10, ""feature"": ""V115"", ""importance"": 4.3397650718688965, ""importance_pct"": 0.9809873384580704}, {""rank"": 11, ""feature"": ""V258"", ""importance"": 4.287124156951904, ""importance_pct"": 0.969088060464163}, {""rank"": 12, ""feature"": ""C4"", ""importance"": 4.245296001434326, ""importance_pct"": 0.9596329654822291}, {""rank"": 13, ""feature"": ""V229"", ""importance"": 3.8609983921051025, ""importance_pct"": 0.8727639569740507}, {""rank"": 14, ""feature"": ""V201"", ""importance"": 3.808591604232788, ""importance_pct"": 0.8609176025054069}, {""rank"": 15, ""feature"": ""V266"", ""importance"": 3.716092586517334, ""importance_pct"": 0.840008552431046}, {""rank"": 16, ""feature"": ""V308"", ""importance"": 3.6834347248077393, ""importance_pct"": 0.8326263673800864}, {""rank"": 17, ""feature"": ""V271"", ""importance"": 3.624981641769409, ""importance_pct"": 0.8194132709555497}, {""rank"": 18, ""feature"": ""V105"", ""importance"": 3.5980381965637207, ""importance_pct"": 0.8133228079550177}, {""rank"": 19, ""feature"": ""V95"", ""importance"": 3.470005750656128, ""importance_pct"": 0.7843815619964942}, {""rank"": 20, ""feature"": ""V318"", ""importance"": 3.3559770584106445, ""importance_pct"": 0.7586058111295058}]",Undersampling
Logistic Regression - Reduced Baseline - SMOTE,LogisticRegression,Reduced Baseline,342,0.7163951637484336,0.08891558187608246,0.7832185039370079,0.15970096834077568,0.8208066584571447,0.1695917878933794,0.748616196656519,0.197204491266253,81429,32615,881,3183,0.8485748977892813,"{""C"": 9.177237615941623}","[{""rank"": 1, ""feature"": ""V45"", ""importance"": 15.371426582336426, ""importance_pct"": 1.7638094780804117}, {""rank"": 2, ""feature"": ""V218"", ""importance"": 14.479689598083496, ""importance_pct"": 1.661486239807423}, {""rank"": 3, ""feature"": ""V283"", ""importance"": 13.11291790008545, ""importance_pct"": 1.5046546755808978}, {""rank"": 4, ""feature"": ""V258"", ""importance"": 13.063328742980957, ""importance_pct"": 1.4989645189228664}, {""rank"": 5, ""feature"": ""V87"", ""importance"": 13.00538158416748, ""importance_pct"": 1.4923153151293493}, {""rank"": 6, ""feature"": ""V123"", ""importance"": 11.927767753601074, ""importance_pct"": 1.3686634551095578}, {""rank"": 7, ""feature"": ""V282"", ""importance"": 10.956513404846191, ""importance_pct"": 1.2572159185530458}, {""rank"": 8, ""feature"": ""V44"", ""importance"": 10.19519329071045, ""importance_pct"": 1.169857492451662}, {""rank"": 9, ""feature"": ""C4"", ""importance"": 10.166516304016113, ""importance_pct"": 1.1665669233777167}, {""rank"": 10, ""feature"": ""V201"", ""importance"": 10.104715347290039, ""importance_pct"": 1.1594755117482232}, {""rank"": 11, ""feature"": ""V229"", ""importance"": 9.721243858337402, ""importance_pct"": 1.1154736981777447}, {""rank"": 12, ""feature"": ""V172"", ""importance"": 9.661477088928223, ""importance_pct"": 1.1086157013748132}, {""rank"": 13, ""feature"": ""C14"", ""importance"": 9.536057472229004, ""importance_pct"": 1.0942243039670085}, {""rank"": 14, ""feature"": ""V241"", ""importance"": 9.472623825073242, ""importance_pct"": 1.0869455476665941}, {""rank"": 15, ""feature"": ""V240"", ""importance"": 9.465617179870605, ""importance_pct"": 1.0861415632639908}, {""rank"": 16, ""feature"": ""V257"", ""importance"": 9.219903945922852, ""importance_pct"": 1.0579469563024708}, {""rank"": 17, ""feature"": ""V178"", ""importance"": 9.123055458068848, ""importance_pct"": 1.0468339812054852}, {""rank"": 18, ""feature"": ""V225"", ""importance"": 8.525930404663086, ""importance_pct"": 0.9783162790159811}, {""rank"": 19, ""feature"": ""V200"", ""importance"": 8.37535285949707, ""importance_pct"": 0.961038110335457}, {""rank"": 20, ""feature"": ""V281"", ""importance"": 8.318660736083984, ""importance_pct"": 0.9545329168146806}]",SMOTE
Logistic Regression - Reduced Baseline - Undersampling,LogisticRegression,Reduced Baseline,342,0.694076607850442,0.08467595710511319,0.8043799212598425,0.15322240449964847,0.8278282416967396,0.1912803204277971,0.7472629149282622,0.1921700134350321,78707,35337,795,3269,0.8485748977892813,"{""C"": 9.177237615941623}","[{""rank"": 1, ""feature"": ""V283"", ""importance"": 9.514747619628906, ""importance_pct"": 1.8531423109848775}, {""rank"": 2, ""feature"": ""C4"", ""importance"": 8.985248565673828, ""importance_pct"": 1.7500142891247568}, {""rank"": 3, ""feature"": ""V218"", ""importance"": 8.78015422821045, ""importance_pct"": 1.7100690367974416}, {""rank"": 4, ""feature"": ""C14"", ""importance"": 8.635066032409668, ""importance_pct"": 1.6818108963599372}, {""rank"": 5, ""feature"": ""V45"", ""importance"": 7.652378082275391, ""importance_pct"": 1.4904174204960075}, {""rank"": 6, ""feature"": ""V282"", ""importance"": 6.861976623535156, ""importance_pct"": 1.336474673466757}, {""rank"": 7, ""feature"": ""V87"", ""importance"": 6.812994003295898, ""importance_pct"": 1.32693456061279}, {""rank"": 8, ""feature"": ""V258"", ""importance"": 6.754384994506836, ""importance_pct"": 1.3155195616728463}, {""rank"": 9, ""feature"": ""V123"", ""importance"": 6.084383964538574, ""importance_pct"": 1.1850266356727706}, {""rank"": 10, ""feature"": ""V201"", ""importance"": 5.5655059814453125, ""importance_pct"": 1.0839672294595217}, {""rank"": 11, ""feature"": ""V229"", ""importance"": 5.433196544647217, ""importance_pct"": 1.0581979473645025}, {""rank"": 12, ""feature"": ""V241"", ""importance"": 5.3094329833984375, ""importance_pct"": 1.0340931049580544}, {""rank"": 13, ""feature"": ""V240"", ""importance"": 5.2934160232543945, ""importance_pct"": 1.03097355752255}, {""rank"": 14, ""feature"": ""V271"", ""importance"": 5.222959518432617, ""importance_pct"": 1.017251077916261}, {""rank"": 15, ""feature"": ""V172"", ""importance"": 5.217577934265137, ""importance_pct"": 1.0162029322670467}, {""rank"": 16, ""feature"": ""V44"", ""importance"": 5.070008754730225, ""importance_pct"": 0.9874615823830722}, {""rank"": 17, ""feature"": ""V257"", ""importance"": 4.725490570068359, ""importance_pct"": 0.9203614079566375}, {""rank"": 18, ""feature"": ""V220"", ""importance"": 4.660776138305664, ""importance_pct"": 0.907757284712907}, {""rank"": 19, ""feature"": ""V200"", ""importance"": 4.553587913513184, ""importance_pct"": 0.8868807420505961}, {""rank"": 20, ""feature"": ""V115"", ""importance"": 4.4981889724731445, ""importance_pct"": 0.8760909527961485}]",Undersampling
Logistic Regression - Reduced Feature Engineering - SMOTE,LogisticRegression,Reduced Feature Engineering,348,0.7201036339621364,0.08915717281641444,0.7741141732283464,0.15989834815756035,0.8171400449943756,0.1570984266439362,0.7461465608521867,0.19604815813590143,81904,32140,918,3146,0.8461887280206241,"{""C"": 2.9154431891537547}","[{""rank"": 1, ""feature"": ""V45"", ""importance"": 23.89129638671875, ""importance_pct"": 1.9933638762003147}, {""rank"": 2, ""feature"": ""V218"", ""importance"": 20.808826446533203, ""importance_pct"": 1.7361788273531977}, {""rank"": 3, ""feature"": ""V258"", ""importance"": 20.342185974121094, ""importance_pct"": 1.697244805279936}, {""rank"": 4, ""feature"": ""V87"", ""importance"": 20.281158447265625, ""importance_pct"": 1.6921529900214234}, {""rank"": 5, ""feature"": ""V201"", ""importance"": 15.78966999053955, ""importance_pct"": 1.3174068609254086}, {""rank"": 6, ""feature"": ""V44"", ""importance"": 15.591050148010254, ""importance_pct"": 1.3008350678847183}, {""rank"": 7, ""feature"": ""V172"", ""importance"": 15.082365989685059, ""importance_pct"": 1.258393142206525}, {""rank"": 8, ""feature"": ""V241"", ""importance"": 14.596148490905762, ""importance_pct"": 1.2178257162136055}, {""rank"": 9, ""feature"": ""V240"", ""importance"": 14.581690788269043, ""importance_pct"": 1.2166194416899299}, {""rank"": 10, ""feature"": ""V257"", ""importance"": 14.541703224182129, ""importance_pct"": 1.2132830900555158}, {""rank"": 11, ""feature"": ""V229"", ""importance"": 14.039496421813965, ""importance_pct"": 1.1713816008261884}, {""rank"": 12, ""feature"": ""V225"", ""importance"": 13.492387771606445, ""importance_pct"": 1.1257337380217802}, {""rank"": 13, ""feature"": ""V178"", ""importance"": 13.267513275146484, ""importance_pct"": 1.1069713950050486}, {""rank"": 14, ""feature"": ""V200"", ""importance"": 12.917155265808105, ""importance_pct"": 1.077739368904497}, {""rank"": 15, ""feature"": ""V283"", ""importance"": 12.903746604919434, ""importance_pct"": 1.0766206208963913}, {""rank"": 16, ""feature"": ""V123"", ""importance"": 12.557293891906738, ""importance_pct"": 1.0477144321424396}, {""rank"": 17, ""feature"": ""V282"", ""importance"": 12.186129570007324, ""importance_pct"": 1.016746436959894}, {""rank"": 18, ""feature"": ""V86"", ""importance"": 11.72372817993164, ""importance_pct"": 0.9781661015790951}, {""rank"": 19, ""feature"": ""V174"", ""importance"": 11.313214302062988, ""importance_pct"": 0.9439149867975138}, {""rank"": 20, ""feature"": ""V199"", ""importance"": 11.222387313842773, ""importance_pct"": 0.9363368615098925}]",SMOTE
Logistic Regression - Reduced Feature Engineering - Undersampling,LogisticRegression,Reduced Feature Engineering,348,0.6951688285298202,0.08446306367255602,0.7987204724409449,0.15277091422520298,0.826445896900685,0.18521959410368508,0.7450995999748129,0.19071213981157129,78859,35185,818,3246,0.8461887280206241,"{""C"": 2.9154431891537547}","[{""rank"": 1, ""feature"": ""C4"", ""importance"": 7.905585289001465, ""importance_pct"": 2.9412105877484707}, {""rank"": 2, ""feature"": ""C14"", ""importance"": 7.717556476593018, ""importance_pct"": 2.8712559526847143}, {""rank"": 3, ""feature"": ""V283"", ""importance"": 7.3221755027771, ""importance_pct"": 2.724157583130781}, {""rank"": 4, ""feature"": ""V271"", ""importance"": 4.119568347930908, ""importance_pct"": 1.5326528775478268}, {""rank"": 5, ""feature"": ""V282"", ""importance"": 3.878770112991333, ""importance_pct"": 1.4430657954755166}, {""rank"": 6, ""feature"": ""V305"", ""importance"": 3.698637008666992, ""importance_pct"": 1.3760486962634138}, {""rank"": 7, ""feature"": ""V123"", ""importance"": 3.6843748092651367, ""importance_pct"": 1.3707425575840073}, {""rank"": 8, ""feature"": ""V218"", ""importance"": 3.6597375869750977, ""importance_pct"": 1.36157647355567}, {""rank"": 9, ""feature"": ""id_05"", ""importance"": 3.394819974899292, ""importance_pct"": 1.2630159676558192}, {""rank"": 10, ""feature"": ""id_06"", ""importance"": 3.250081777572632, ""importance_pct"": 1.2091672641295848}, {""rank"": 11, ""feature"": ""V45"", ""importance"": 2.93148136138916, ""importance_pct"": 1.0906344948172881}, {""rank"": 12, ""feature"": ""V288"", ""importance"": 2.7520549297332764, ""importance_pct"": 1.0238803075919083}, {""rank"": 13, ""feature"": ""V263"", ""importance"": 2.6449766159057617, ""importance_pct"": 0.9840426663756539}, {""rank"": 14, ""feature"": ""V87"", ""importance"": 2.6195907592773438, ""importance_pct"": 0.9745980588526101}, {""rank"": 15, ""feature"": ""V273"", ""importance"": 2.6038055419921875, ""importance_pct"": 0.968725293394801}, {""rank"": 16, ""feature"": ""V258"", ""importance"": 2.5791759490966797, ""importance_pct"": 0.9595620478224607}, {""rank"": 17, ""feature"": ""V121"", ""importance"": 2.529888153076172, ""importance_pct"": 0.9412249124677909}, {""rank"": 18, ""feature"": ""V107"", ""importance"": 2.4986207485198975, ""importance_pct"": 0.9295921214763039}, {""rank"": 19, ""feature"": ""V95"", ""importance"": 2.327251672744751, ""importance_pct"": 0.865835609889014}, {""rank"": 20, ""feature"": ""V103"", ""importance"": 2.306152820587158, ""importance_pct"": 0.8579859485310388}]",Undersampling
Decision Tree - Baseline - SMOTE,DecisionTree,Baseline,432,0.872548853591628,0.13479561316051844,0.49901574803149606,0.21225600502381076,0.7901590288349131,0.25408246317688804,0.6924377958003224,0.21041948523728637,101027,13017,2036,2028,0.8385220587131459,"{""max_depth"": 8, ""min_samples_leaf"": 43, ""min_samples_split"": 20, ""max_features"": ""sqrt""}","[{""rank"": 1, ""feature"": ""V204"", ""importance"": 0.25827432840283765, ""importance_pct"": 25.827432840283766}, {""rank"": 2, ""feature"": ""V102"", ""importance"": 0.20743219406627003, ""importance_pct"": 20.743219406627002}, {""rank"": 3, ""feature"": ""V306"", ""importance"": 0.0894832771375977, ""importance_pct"": 8.94832771375977}, {""rank"": 4, ""feature"": ""card6"", ""importance"": 0.06360439335147793, ""importance_pct"": 6.360439335147793}, {""rank"": 5, ""feature"": ""V70"", ""importance"": 0.04357078014373383, ""importance_pct"": 4.357078014373383}, {""rank"": 6, ""feature"": ""V284"", ""importance"": 0.03362462358239517, ""importance_pct"": 3.3624623582395174}, {""rank"": 7, ""feature"": ""V336"", ""importance"": 0.0221367891726326, ""importance_pct"": 2.21367891726326}, {""rank"": 8, ""feature"": ""V172"", ""importance"": 0.020594566391672703, ""importance_pct"": 2.05945663916727}, {""rank"": 9, ""feature"": ""V297"", ""importance"": 0.018729948022674824, ""importance_pct"": 1.8729948022674823}, {""rank"": 10, ""feature"": ""V322"", ""importance"": 0.01796050958435476, ""importance_pct"": 1.7960509584354758}, {""rank"": 11, ""feature"": ""V69"", ""importance"": 0.016662611924263843, ""importance_pct"": 1.6662611924263844}, {""rank"": 12, ""feature"": ""V283"", ""importance"": 0.016123477675926715, ""importance_pct"": 1.6123477675926714}, {""rank"": 13, ""feature"": ""V59"", ""importance"": 0.016117444484634206, ""importance_pct"": 1.6117444484634207}, {""rank"": 14, ""feature"": ""C11"", ""importance"": 0.015175102471793758, ""importance_pct"": 1.5175102471793758}, {""rank"": 15, ""feature"": ""D5"", ""importance"": 0.010454891498530667, ""importance_pct"": 1.0454891498530667}, {""rank"": 16, ""feature"": ""C2"", ""importance"": 0.008514597458559798, ""importance_pct"": 0.8514597458559798}, {""rank"": 17, ""feature"": ""V11"", ""importance"": 0.008389357593351597, ""importance_pct"": 0.8389357593351597}, {""rank"": 18, ""feature"": ""V311"", ""importance"": 0.0072699483933336044, ""importance_pct"": 0.7269948393333604}, {""rank"": 19, ""feature"": ""V48"", ""importance"": 0.007238740492402315, ""importance_pct"": 0.7238740492402315}, {""rank"": 20, ""feature"": ""V279"", ""importance"": 0.007026368195978473, ""importance_pct"": 0.7026368195978473}]",SMOTE
Decision Tree - Baseline - Undersampling,DecisionTree,Baseline,432,0.8212060148338809,0.1230714822510057,0.6850393700787402,0.20865654862282182,0.825000079400215,0.2725871823511363,0.7555488667587065,0.23674946216786835,94207,19837,1280,2784,0.8385220587131459,"{""max_depth"": 8, ""min_samples_leaf"": 43, ""min_samples_split"": 20, ""max_features"": ""sqrt""}","[{""rank"": 1, ""feature"": ""V218"", ""importance"": 0.33119959056136705, ""importance_pct"": 33.11995905613671}, {""rank"": 2, ""feature"": ""V102"", ""importance"": 0.13451174522091847, ""importance_pct"": 13.451174522091847}, {""rank"": 3, ""feature"": ""C8"", ""importance"": 0.12369263585441523, ""importance_pct"": 12.369263585441523}, {""rank"": 4, ""feature"": ""card6"", ""importance"": 0.06483895670859705, ""importance_pct"": 6.483895670859704}, {""rank"": 5, ""feature"": ""V91"", ""importance"": 0.04857418383016055, ""importance_pct"": 4.857418383016055}, {""rank"": 6, ""feature"": ""V258"", ""importance"": 0.03897762996356803, ""importance_pct"": 3.897762996356803}, {""rank"": 7, ""feature"": ""V317"", ""importance"": 0.030265707393586718, ""importance_pct"": 3.0265707393586716}, {""rank"": 8, ""feature"": ""V334"", ""importance"": 0.029004459804838005, ""importance_pct"": 2.9004459804838003}, {""rank"": 9, ""feature"": ""V69"", ""importance"": 0.02616584257241645, ""importance_pct"": 2.616584257241645}, {""rank"": 10, ""feature"": ""D2"", ""importance"": 0.017541170706483273, ""importance_pct"": 1.7541170706483273}, {""rank"": 11, ""feature"": ""C14"", ""importance"": 0.014264848416014095, ""importance_pct"": 1.4264848416014095}, {""rank"": 12, ""feature"": ""V29"", ""importance"": 0.01250117949967914, ""importance_pct"": 1.250117949967914}, {""rank"": 13, ""feature"": ""V128"", ""importance"": 0.01225290295900408, ""importance_pct"": 1.225290295900408}, {""rank"": 14, ""feature"": ""V288"", ""importance"": 0.010068023391032136, ""importance_pct"": 1.0068023391032137}, {""rank"": 15, ""feature"": ""V313"", ""importance"": 0.0067931858703192596, ""importance_pct"": 0.6793185870319259}, {""rank"": 16, ""feature"": ""D1"", ""importance"": 0.006599396857177312, ""importance_pct"": 0.6599396857177312}, {""rank"": 17, ""feature"": ""TransactionDT"", ""importance"": 0.006219878344932464, ""importance_pct"": 0.6219878344932465}, {""rank"": 18, ""feature"": ""V315"", ""importance"": 0.005250532818103582, ""importance_pct"": 0.5250532818103582}, {""rank"": 19, ""feature"": ""V295"", ""importance"": 0.004874641034475331, ""importance_pct"": 0.4874641034475331}, {""rank"": 20, ""feature"": ""R_emaildomain"", ""importance"": 0.004498855408744194, ""importance_pct"": 0.44988554087441945}]",Undersampling
Decision Tree - Feature Engineering - SMOTE,DecisionTree,Feature Engineering,439,0.9084566667795577,0.16889106967615308,0.4234744094488189,0.24147607689069736,0.7647470385963754,0.2607092891999038,0.674606798916125,0.22670974079402292,105575,8469,2343,1721,0.8451027937790752,"{""max_depth"": 13, ""min_samples_leaf"": 49, ""min_samples_split"": 15, ""max_features"": ""sqrt""}","[{""rank"": 1, ""feature"": ""V294"", ""importance"": 0.21901410774441823, ""importance_pct"": 21.901410774441825}, {""rank"": 2, ""feature"": ""card3"", ""importance"": 0.19415267991721602, ""importance_pct"": 19.415267991721603}, {""rank"": 3, ""feature"": ""card6"", ""importance"": 0.05809061114846383, ""importance_pct"": 5.809061114846383}, {""rank"": 4, ""feature"": ""V200"", ""importance"": 0.02940857598530636, ""importance_pct"": 2.940857598530636}, {""rank"": 5, ""feature"": ""V258"", ""importance"": 0.026040317411662062, ""importance_pct"": 2.604031741166206}, {""rank"": 6, ""feature"": ""V228"", ""importance"": 0.022774489329255316, ""importance_pct"": 2.2774489329255316}, {""rank"": 7, ""feature"": ""V61"", ""importance"": 0.02094228979736981, ""importance_pct"": 2.0942289797369806}, {""rank"": 8, ""feature"": ""V313"", ""importance"": 0.017441896912964414, ""importance_pct"": 1.7441896912964414}, {""rank"": 9, ""feature"": ""V293"", ""importance"": 0.014307421766093752, ""importance_pct"": 1.430742176609375}, {""rank"": 10, ""feature"": ""D3"", ""importance"": 0.014238320473493993, ""importance_pct"": 1.4238320473493993}, {""rank"": 11, ""feature"": ""DT_week"", ""importance"": 0.014021448146218609, ""importance_pct"": 1.402144814621861}, {""rank"": 12, ""feature"": ""V310"", ""importance"": 0.013576411834280133, ""importance_pct"": 1.3576411834280133}, {""rank"": 13, ""feature"": ""V282"", ""importance"": 0.01236481416875229, ""importance_pct"": 1.236481416875229}, {""rank"": 14, ""feature"": ""V281"", ""importance"": 0.011370283533759708, ""importance_pct"": 1.1370283533759709}, {""rank"": 15, ""feature"": ""V106"", ""importance"": 0.011362744115867603, ""importance_pct"": 1.1362744115867602}, {""rank"": 16, ""feature"": ""V92"", ""importance"": 0.009971873973477197, ""importance_pct"": 0.9971873973477198}, {""rank"": 17, ""feature"": ""V283"", ""importance"": 0.00975542939709807, ""importance_pct"": 0.9755429397098069}, {""rank"": 18, ""feature"": ""C11"", ""importance"": 0.009103924393975733, ""importance_pct"": 0.9103924393975733}, {""rank"": 19, ""feature"": ""V297"", ""importance"": 0.008235371933249611, ""importance_pct"": 0.8235371933249611}, {""rank"": 20, ""feature"": ""V105"", ""importance"": 0.008104097892302833, ""importance_pct"": 0.8104097892302833}]",SMOTE
Decision Tree - Feature Engineering - Undersampling,DecisionTree,Feature Engineering,439,0.7838842415416398,0.10658111824014666,0.7153051181102362,0.1855196400650946,0.8311367752935253,0.2916126989880133,0.7508166010038397,0.21696772509027681,89676,24368,1157,2907,0.8451027937790752,"{""max_depth"": 13, ""min_samples_leaf"": 49, ""min_samples_split"": 15, ""max_features"": ""sqrt""}","[{""rank"": 1, ""feature"": ""V243"", ""importance"": 0.24826120970899315, ""importance_pct"": 24.826120970899318}, {""rank"": 2, ""feature"": ""V90"", ""importance"": 0.2005865315602765, ""importance_pct"": 20.058653156027653}, {""rank"": 3, ""feature"": ""card6"", ""importance"": 0.05990389100537424, ""importance_pct"": 5.990389100537424}, {""rank"": 4, ""feature"": ""C1"", ""importance"": 0.042685723686907213, ""importance_pct"": 4.268572368690722}, {""rank"": 5, ""feature"": ""V139"", ""importance"": 0.03342089389670331, ""importance_pct"": 3.3420893896703316}, {""rank"": 6, ""feature"": ""DT_week"", ""importance"": 0.0317798839844761, ""importance_pct"": 3.1779883984476105}, {""rank"": 7, ""feature"": ""V127"", ""importance"": 0.02845646909658082, ""importance_pct"": 2.8456469096580825}, {""rank"": 8, ""feature"": ""V280"", ""importance"": 0.025809282218658764, ""importance_pct"": 2.580928221865877}, {""rank"": 9, ""feature"": ""V218"", ""importance"": 0.023778640703467108, ""importance_pct"": 2.3778640703467113}, {""rank"": 10, ""feature"": ""C6"", ""importance"": 0.017668075076403292, ""importance_pct"": 1.7668075076403296}, {""rank"": 11, ""feature"": ""D15"", ""importance"": 0.016356271384622183, ""importance_pct"": 1.6356271384622187}, {""rank"": 12, ""feature"": ""C13"", ""importance"": 0.01467139312395062, ""importance_pct"": 1.4671393123950622}, {""rank"": 13, ""feature"": ""V128"", ""importance"": 0.014373357872004324, ""importance_pct"": 1.4373357872004326}, {""rank"": 14, ""feature"": ""id_36"", ""importance"": 0.012699173316450391, ""importance_pct"": 1.2699173316450394}, {""rank"": 15, ""feature"": ""V307"", ""importance"": 0.012193004873988096, ""importance_pct"": 1.2193004873988098}, {""rank"": 16, ""feature"": ""uid"", ""importance"": 0.01041665747198583, ""importance_pct"": 1.041665747198583}, {""rank"": 17, ""feature"": ""D1"", ""importance"": 0.010386737650817395, ""importance_pct"": 1.0386737650817397}, {""rank"": 18, ""feature"": ""TransactionAmt"", ""importance"": 0.009813368109004192, ""importance_pct"": 0.9813368109004194}, {""rank"": 19, ""feature"": ""C2"", ""importance"": 0.0087562146711538, ""importance_pct"": 0.8756214671153801}, {""rank"": 20, ""feature"": ""V317"", ""importance"": 0.008392444172065595, ""importance_pct"": 0.8392444172065596}]",Undersampling
Decision Tree - Reduced Baseline - SMOTE,DecisionTree,Reduced Baseline,342,0.8954600873776544,0.1543853792873237,0.4552165354330709,0.23057269271514924,0.7962636539457626,0.27491828166828813,0.6831824320741519,0.2211746025341658,103911,10133,2214,1850,0.8361627044853761,"{""max_depth"": 9, ""min_samples_leaf"": 64, ""min_samples_split"": 32, ""max_features"": ""sqrt""}","[{""rank"": 1, ""feature"": ""V201"", ""importance"": 0.2559199712367865, ""importance_pct"": 25.591997123678656}, {""rank"": 2, ""feature"": ""V283"", ""importance"": 0.22035070189040645, ""importance_pct"": 22.03507018904065}, {""rank"": 3, ""feature"": ""V90"", ""importance"": 0.07140535153919242, ""importance_pct"": 7.140535153919243}, {""rank"": 4, ""feature"": ""V317"", ""importance"": 0.06798259762143971, ""importance_pct"": 6.798259762143973}, {""rank"": 5, ""feature"": ""C14"", ""importance"": 0.041209553942933005, ""importance_pct"": 4.1209553942933015}, {""rank"": 6, ""feature"": ""V30"", ""importance"": 0.039721962285899456, ""importance_pct"": 3.9721962285899464}, {""rank"": 7, ""feature"": ""V275"", ""importance"": 0.03767771646315893, ""importance_pct"": 3.7677716463158935}, {""rank"": 8, ""feature"": ""M4"", ""importance"": 0.03521952230466441, ""importance_pct"": 3.5219522304664417}, {""rank"": 9, ""feature"": ""C7"", ""importance"": 0.032060850988969006, ""importance_pct"": 3.206085098896901}, {""rank"": 10, ""feature"": ""D5"", ""importance"": 0.017078383072025523, ""importance_pct"": 1.7078383072025527}, {""rank"": 11, ""feature"": ""V134"", ""importance"": 0.016371477397468297, ""importance_pct"": 1.63714773974683}, {""rank"": 12, ""feature"": ""card6"", ""importance"": 0.011891055727184506, ""importance_pct"": 1.1891055727184507}, {""rank"": 13, ""feature"": ""V82"", ""importance"": 0.01063840063183036, ""importance_pct"": 1.0638400631830363}, {""rank"": 14, ""feature"": ""V47"", ""importance"": 0.008295202123144491, ""importance_pct"": 0.8295202123144493}, {""rank"": 15, ""feature"": ""V285"", ""importance"": 0.007995232022816195, ""importance_pct"": 0.7995232022816197}, {""rank"": 16, ""feature"": ""V96"", ""importance"": 0.007786108395653432, ""importance_pct"": 0.7786108395653433}, {""rank"": 17, ""feature"": ""V7"", ""importance"": 0.005408000196443837, ""importance_pct"": 0.5408000196443838}, {""rank"": 18, ""feature"": ""V282"", ""importance"": 0.0053995942054886805, ""importance_pct"": 0.5399594205488681}, {""rank"": 19, ""feature"": ""V29"", ""importance"": 0.00508413316781229, ""importance_pct"": 0.5084133167812291}, {""rank"": 20, ""feature"": ""V288"", ""importance"": 0.004832928324166947, ""importance_pct"": 0.4832928324166948}]",SMOTE
Decision Tree - Reduced Baseline - Undersampling,DecisionTree,Reduced Baseline,342,0.8241355369661666,0.12366536018380862,0.6754429133858267,0.20905525303682265,0.832951548116047,0.3023509150701978,0.7524385834159326,0.23556862655503616,94592,19452,1319,2745,0.8361627044853761,"{""max_depth"": 9, ""min_samples_leaf"": 64, ""min_samples_split"": 32, ""max_features"": ""sqrt""}","[{""rank"": 1, ""feature"": ""V70"", ""importance"": 0.3156785875051564, ""importance_pct"": 31.567858750515644}, {""rank"": 2, ""feature"": ""V275"", ""importance"": 0.18464518204538605, ""importance_pct"": 18.464518204538606}, {""rank"": 3, ""feature"": ""card3"", ""importance"": 0.07208902227147686, ""importance_pct"": 7.208902227147686}, {""rank"": 4, ""feature"": ""V307"", ""importance"": 0.056307091474474366, ""importance_pct"": 5.630709147447437}, {""rank"": 5, ""feature"": ""C14"", ""importance"": 0.05426936633103471, ""importance_pct"": 5.426936633103471}, {""rank"": 6, ""feature"": ""V147"", ""importance"": 0.04310848128330295, ""importance_pct"": 4.310848128330295}, {""rank"": 7, ""feature"": ""V309"", ""importance"": 0.02888305659555999, ""importance_pct"": 2.888305659555999}, {""rank"": 8, ""feature"": ""D1"", ""importance"": 0.02523413199385987, ""importance_pct"": 2.523413199385987}, {""rank"": 9, ""feature"": ""C13"", ""importance"": 0.02283874776620609, ""importance_pct"": 2.283874776620609}, {""rank"": 10, ""feature"": ""D2"", ""importance"": 0.01209291944161763, ""importance_pct"": 1.209291944161763}, {""rank"": 11, ""feature"": ""V97"", ""importance"": 0.011710113381113553, ""importance_pct"": 1.1710113381113554}, {""rank"": 12, ""feature"": ""V280"", ""importance"": 0.011122892455359324, ""importance_pct"": 1.1122892455359323}, {""rank"": 13, ""feature"": ""V257"", ""importance"": 0.011090716592141133, ""importance_pct"": 1.1090716592141134}, {""rank"": 14, ""feature"": ""V133"", ""importance"": 0.01064926621319201, ""importance_pct"": 1.064926621319201}, {""rank"": 15, ""feature"": ""V201"", ""importance"": 0.010190351702465225, ""importance_pct"": 1.0190351702465226}, {""rank"": 16, ""feature"": ""V308"", ""importance"": 0.009248695467300143, ""importance_pct"": 0.9248695467300142}, {""rank"": 17, ""feature"": ""V69"", ""importance"": 0.008689985534588898, ""importance_pct"": 0.8689985534588898}, {""rank"": 18, ""feature"": ""V188"", ""importance"": 0.007595525586989316, ""importance_pct"": 0.7595525586989316}, {""rank"": 19, ""feature"": ""V38"", ""importance"": 0.00651338987917344, ""importance_pct"": 0.651338987917344}, {""rank"": 20, ""feature"": ""V130"", ""importance"": 0.005841686991972831, ""importance_pct"": 0.5841686991972831}]",Undersampling
Decision Tree - Reduced Feature Engineering - SMOTE,DecisionTree,Reduced Feature Engineering,348,0.9438310698682562,0.27943700652248543,0.4005905511811024,0.32922143579373103,0.8136458508243952,0.30355595652284495,0.6818900986413036,0.3062046731736948,109846,4198,2436,1628,0.8482442684450417,"{""max_depth"": 8, ""min_samples_leaf"": 26, ""min_samples_split"": 19, ""max_features"": null}","[{""rank"": 1, ""feature"": ""C4"", ""importance"": 0.24317035175156182, ""importance_pct"": 24.31703517515618}, {""rank"": 2, ""feature"": ""V317"", ""importance"": 0.20082590321068033, ""importance_pct"": 20.082590321068032}, {""rank"": 3, ""feature"": ""C14"", ""importance"": 0.12407580280251779, ""importance_pct"": 12.407580280251779}, {""rank"": 4, ""feature"": ""V280"", ""importance"": 0.10685765534378024, ""importance_pct"": 10.685765534378024}, {""rank"": 5, ""feature"": ""card6"", ""importance"": 0.06466879136057489, ""importance_pct"": 6.466879136057489}, {""rank"": 6, ""feature"": ""V308"", ""importance"": 0.039756294494286346, ""importance_pct"": 3.9756294494286344}, {""rank"": 7, ""feature"": ""C1"", ""importance"": 0.029841168088280346, ""importance_pct"": 2.9841168088280345}, {""rank"": 8, ""feature"": ""V69"", ""importance"": 0.027839870459872077, ""importance_pct"": 2.7839870459872076}, {""rank"": 9, ""feature"": ""D2"", ""importance"": 0.023181291071471394, ""importance_pct"": 2.3181291071471395}, {""rank"": 10, ""feature"": ""C13"", ""importance"": 0.01868476660211475, ""importance_pct"": 1.8684766602114748}, {""rank"": 11, ""feature"": ""M5"", ""importance"": 0.015497897076280296, ""importance_pct"": 1.5497897076280296}, {""rank"": 12, ""feature"": ""V281"", ""importance"": 0.015028014889230746, ""importance_pct"": 1.5028014889230745}, {""rank"": 13, ""feature"": ""D3"", ""importance"": 0.014639888138765418, ""importance_pct"": 1.4639888138765418}, {""rank"": 14, ""feature"": ""M4"", ""importance"": 0.009089392232227813, ""importance_pct"": 0.9089392232227813}, {""rank"": 15, ""feature"": ""V282"", ""importance"": 0.006899677826316161, ""importance_pct"": 0.6899677826316162}, {""rank"": 16, ""feature"": ""V101"", ""importance"": 0.005368452069307447, ""importance_pct"": 0.5368452069307447}, {""rank"": 17, ""feature"": ""id_12"", ""importance"": 0.004761444794942265, ""importance_pct"": 0.4761444794942265}, {""rank"": 18, ""feature"": ""addr2"", ""importance"": 0.004720733008817694, ""importance_pct"": 0.47207330088176946}, {""rank"": 19, ""feature"": ""V320"", ""importance"": 0.004599107211887826, ""importance_pct"": 0.45991072118878257}, {""rank"": 20, ""feature"": ""V288"", ""importance"": 0.0036059808476931183, ""importance_pct"": 0.3605980847693118}]",SMOTE
Decision Tree - Reduced Feature Engineering - Undersampling,DecisionTree,Reduced Feature Engineering,348,0.773055169844549,0.10435660101607627,0.7379429133858267,0.18285470398146456,0.8346992590423726,0.3034639627884484,0.7561246607194294,0.21760572293939273,88305,25739,1065,2999,0.8482442684450417,"{""max_depth"": 8, ""min_samples_leaf"": 26, ""min_samples_split"": 19, ""max_features"": null}","[{""rank"": 1, ""feature"": ""V258"", ""importance"": 0.29456741039654166, ""importance_pct"": 29.456741039654172}, {""rank"": 2, ""feature"": ""V317"", ""importance"": 0.178559015535094, ""importance_pct"": 17.855901553509405}, {""rank"": 3, ""feature"": ""C14"", ""importance"": 0.1285561447486515, ""importance_pct"": 12.855614474865154}, {""rank"": 4, ""feature"": ""C4"", ""importance"": 0.07777710040830166, ""importance_pct"": 7.777710040830168}, {""rank"": 5, ""feature"": ""M4"", ""importance"": 0.046742030912398244, ""importance_pct"": 4.674203091239825}, {""rank"": 6, ""feature"": ""card6"", ""importance"": 0.037127600531358704, ""importance_pct"": 3.712760053135871}, {""rank"": 7, ""feature"": ""C1"", ""importance"": 0.02563864127890828, ""importance_pct"": 2.5638641278908287}, {""rank"": 8, ""feature"": ""TransactionAmt"", ""importance"": 0.01988745148176703, ""importance_pct"": 1.9887451481767033}, {""rank"": 9, ""feature"": ""V308"", ""importance"": 0.01676371859801659, ""importance_pct"": 1.6763718598016595}, {""rank"": 10, ""feature"": ""R_emaildomain"", ""importance"": 0.014664323320246198, ""importance_pct"": 1.4664323320246202}, {""rank"": 11, ""feature"": ""TransactionDT"", ""importance"": 0.014355033894284398, ""importance_pct"": 1.4355033894284401}, {""rank"": 12, ""feature"": ""D2"", ""importance"": 0.014094121407126728, ""importance_pct"": 1.4094121407126732}, {""rank"": 13, ""feature"": ""V91"", ""importance"": 0.013391340447876855, ""importance_pct"": 1.3391340447876858}, {""rank"": 14, ""feature"": ""C13"", ""importance"": 0.013189367475738, ""importance_pct"": 1.3189367475738003}, {""rank"": 15, ""feature"": ""V283"", ""importance"": 0.009304799257369547, ""importance_pct"": 0.9304799257369548}, {""rank"": 16, ""feature"": ""V272"", ""importance"": 0.009225073612529115, ""importance_pct"": 0.9225073612529117}, {""rank"": 17, ""feature"": ""V309"", ""importance"": 0.008189723723210906, ""importance_pct"": 0.8189723723210908}, {""rank"": 18, ""feature"": ""D1"", ""importance"": 0.006713672552047193, ""importance_pct"": 0.6713672552047195}, {""rank"": 19, ""feature"": ""addr2"", ""importance"": 0.005907547263969923, ""importance_pct"": 0.5907547263969924}, {""rank"": 20, ""feature"": ""V62"", ""importance"": 0.004307013458431395, ""importance_pct"": 0.43070134584313957}]",Undersampling
RF - Baseline - SMOTE,RandomForest,Baseline,432,0.9727960849392082,0.7269333333333333,0.33538385826771655,0.4589998316214851,0.8813975784608759,0.4650576706615564,0.6654471814925971,0.48254417723299764,113532,512,2701,1363,0.9008453220837603,"{""n_estimators"": 250, ""max_depth"": 25, ""min_samples_leaf"": 13, ""max_features"": ""sqrt""}",[],SMOTE
RF - Baseline - Undersampling,RandomForest,Baseline,432,0.8390625529176686,0.14408878727255406,0.7443405511811023,0.2414398595258999,0.8814471291574988,0.4517041643335059,0.7933892787823017,0.2797684829321101,96075,17969,1039,3025,0.9008453220837603,"{""n_estimators"": 250, ""max_depth"": 25, ""min_samples_leaf"": 13, ""max_features"": ""sqrt""}",[],Undersampling
RF - Feature Engineering - SMOTE,RandomForest,Feature Engineering,439,0.972592881091882,0.7119425935417735,0.34178149606299213,0.46184538653366586,0.8811160410493587,0.4593867353052835,0.6684267867533928,0.48172912152573005,113482,562,2675,1389,0.9001095734686819,"{""n_estimators"": 250, ""max_depth"": 25, ""min_samples_leaf"": 13, ""max_features"": ""sqrt""}",[],SMOTE
RF - Feature Engineering - Undersampling,RandomForest,Feature Engineering,439,0.837225251464761,0.14237863848657828,0.7426181102362205,0.2389454099204307,0.8806423561965446,0.45175361825496474,0.7916073610351247,0.27702426500621596,95865,18179,1046,3018,0.9001095734686819,"{""n_estimators"": 250, ""max_depth"": 25, ""min_samples_leaf"": 13, ""max_features"": ""sqrt""}",[],Undersampling
RF - Reduced Baseline - SMOTE,RandomForest,Reduced Baseline,342,0.9729908219595624,0.7491448118586089,0.3233267716535433,0.45170161567548983,0.8822057917382073,0.4676264853120359,0.6597343058225628,0.48143295056075835,113604,440,2750,1314,0.8985580013517627,"{""n_estimators"": 250, ""max_depth"": 23, ""min_samples_leaf"": 8, ""max_features"": ""sqrt""}",[],SMOTE
RF - Reduced Baseline - Undersampling,RandomForest,Reduced Baseline,342,0.8450994005486504,0.1487387076072469,0.7413877952755905,0.24776941737593028,0.8834467782603316,0.4517724984034318,0.7950914985637536,0.2853839637602863,96800,17244,1051,3013,0.8985580013517627,"{""n_estimators"": 250, ""max_depth"": 23, ""min_samples_leaf"": 8, ""max_features"": ""sqrt""}",[],Undersampling
RF - Reduced Feature Engineering - SMOTE,RandomForest,Reduced Feature Engineering,348,0.9731432248450571,0.7539863325740319,0.3257874015748031,0.4549828178694158,0.8842060255545795,0.4690334726099322,0.6609996949650874,0.4849745368944633,113612,432,2740,1324,0.9006720485460201,"{""n_estimators"": 400, ""max_depth"": 23, ""min_samples_leaf"": 7, ""max_features"": ""sqrt""}",[],SMOTE
RF - Reduced Feature Engineering - Undersampling,RandomForest,Reduced Feature Engineering,348,0.8472330409455753,0.15050752537626882,0.7406496062992126,0.2501766197066035,0.8846347090410194,0.4520513156432995,0.7958403936234585,0.2875689375830643,97055,16989,1054,3010,0.9006720485460201,"{""n_estimators"": 400, ""max_depth"": 23, ""min_samples_leaf"": 7, ""max_features"": ""sqrt""}",[],Undersampling
LightGBM - Baseline - SMOTE,LightGBM,Baseline,432,0.9754546686083924,0.7853993140617345,0.3944389763779528,0.5251433251433252,0.918394590829289,0.5754976399949538,0.6952991767302412,0.5463457845783641,113606,438,2461,1603,0.9238956392559676,"{""n_estimators"": 700, ""learning_rate"": 0.03702917556373974, ""num_leaves"": 95, ""max_depth"": 10, ""min_child_samples"": 59, ""subsample"": 0.8160380080454375, ""colsample_bytree"": 0.6733068413073444}","[{""rank"": 1, ""feature"": ""TransactionDT"", ""importance"": 2635.0, ""importance_pct"": 4.005046206225681}, {""rank"": 2, ""feature"": ""card1"", ""importance"": 2632.0, ""importance_pct"": 4.000486381322957}, {""rank"": 3, ""feature"": ""card2"", ""importance"": 2404.0, ""importance_pct"": 3.6539396887159534}, {""rank"": 4, ""feature"": ""TransactionAmt"", ""importance"": 2016.0, ""importance_pct"": 3.06420233463035}, {""rank"": 5, ""feature"": ""addr1"", ""importance"": 1990.0, ""importance_pct"": 3.0246838521400776}, {""rank"": 6, ""feature"": ""C13"", ""importance"": 1369.0, ""importance_pct"": 2.0808000972762644}, {""rank"": 7, ""feature"": ""P_emaildomain"", ""importance"": 1193.0, ""importance_pct"": 1.8132903696498055}, {""rank"": 8, ""feature"": ""D15"", ""importance"": 1176.0, ""importance_pct"": 1.7874513618677041}, {""rank"": 9, ""feature"": ""C1"", ""importance"": 1128.0, ""importance_pct"": 1.7144941634241246}, {""rank"": 10, ""feature"": ""card5"", ""importance"": 1064.0, ""importance_pct"": 1.617217898832685}, {""rank"": 11, ""feature"": ""C14"", ""importance"": 987.0, ""importance_pct"": 1.500182392996109}, {""rank"": 12, ""feature"": ""D1"", ""importance"": 925.0, ""importance_pct"": 1.4059460116731517}, {""rank"": 13, ""feature"": ""D2"", ""importance"": 916.0, ""importance_pct"": 1.3922665369649807}, {""rank"": 14, ""feature"": ""D10"", ""importance"": 879.0, ""importance_pct"": 1.3360286964980543}, {""rank"": 15, ""feature"": ""C2"", ""importance"": 862.0, ""importance_pct"": 1.3101896887159534}, {""rank"": 16, ""feature"": ""C11"", ""importance"": 829.0, ""importance_pct"": 1.2600316147859922}, {""rank"": 17, ""feature"": ""C6"", ""importance"": 758.0, ""importance_pct"": 1.1521157587548638}, {""rank"": 18, ""feature"": ""D4"", ""importance"": 739.0, ""importance_pct"": 1.12323686770428}, {""rank"": 19, ""feature"": ""dist1"", ""importance"": 695.0, ""importance_pct"": 1.0563594357976653}, {""rank"": 20, ""feature"": ""id_20"", ""importance"": 687.0, ""importance_pct"": 1.0441999027237354}]",SMOTE
LightGBM - Baseline - Undersampling,LightGBM,Baseline,432,0.9040539167541572,0.22900820283370618,0.7556594488188977,0.35149364770516195,0.9184699368864953,0.5294585804635992,0.8325007285832765,0.38207804730130696,103705,10339,993,3071,0.9238956392559676,"{""n_estimators"": 700, ""learning_rate"": 0.03702917556373974, ""num_leaves"": 95, ""max_depth"": 10, ""min_child_samples"": 59, ""subsample"": 0.8160380080454375, ""colsample_bytree"": 0.6733068413073444}","[{""rank"": 1, ""feature"": ""card1"", ""importance"": 2987.0, ""importance_pct"": 5.702667099410069}, {""rank"": 2, ""feature"": ""TransactionDT"", ""importance"": 2905.0, ""importance_pct"": 5.546115809771091}, {""rank"": 3, ""feature"": ""TransactionAmt"", ""importance"": 2712.0, ""importance_pct"": 5.177647530498864}, {""rank"": 4, ""feature"": ""card2"", ""importance"": 2509.0, ""importance_pct"": 4.790087630538956}, {""rank"": 5, ""feature"": ""addr1"", ""importance"": 2022.0, ""importance_pct"": 3.860325703048932}, {""rank"": 6, ""feature"": ""D15"", ""importance"": 1287.0, ""importance_pct"": 2.457091582504439}, {""rank"": 7, ""feature"": ""C13"", ""importance"": 1212.0, ""importance_pct"": 2.3139044273468374}, {""rank"": 8, ""feature"": ""P_emaildomain"", ""importance"": 1107.0, ""importance_pct"": 2.1134424101261957}, {""rank"": 9, ""feature"": ""D10"", ""importance"": 1057.0, ""importance_pct"": 2.0179843066877945}, {""rank"": 10, ""feature"": ""card5"", ""importance"": 1011.0, ""importance_pct"": 1.930162851524466}, {""rank"": 11, ""feature"": ""dist1"", ""importance"": 962.0, ""importance_pct"": 1.8366139101548329}, {""rank"": 12, ""feature"": ""D4"", ""importance"": 902.0, ""importance_pct"": 1.722064186028752}, {""rank"": 13, ""feature"": ""D2"", ""importance"": 894.0, ""importance_pct"": 1.706790889478608}, {""rank"": 14, ""feature"": ""id_02"", ""importance"": 882.0, ""importance_pct"": 1.6838809446533918}, {""rank"": 15, ""feature"": ""D1"", ""importance"": 853.0, ""importance_pct"": 1.6285152446591191}, {""rank"": 16, ""feature"": ""C1"", ""importance"": 776.0, ""importance_pct"": 1.4815097653639817}, {""rank"": 17, ""feature"": ""C2"", ""importance"": 722.0, ""importance_pct"": 1.378415013650509}, {""rank"": 18, ""feature"": ""D8"", ""importance"": 592.0, ""importance_pct"": 1.1302239447106666}, {""rank"": 19, ""feature"": ""C14"", ""importance"": 584.0, ""importance_pct"": 1.1149506481605223}, {""rank"": 20, ""feature"": ""id_20"", ""importance"": 550.0, ""importance_pct"": 1.0500391378224097}]",Undersampling
LightGBM - Feature Engineering - SMOTE,LightGBM,Feature Engineering,439,0.9753107325498697,0.7928571428571428,0.3823818897637795,0.5159362549800797,0.9208210829733626,0.5736460308880729,0.6894109301507334,0.5405230257238826,113638,406,2510,1554,0.9251008040701049,"{""n_estimators"": 700, ""learning_rate"": 0.03702917556373974, ""num_leaves"": 95, ""max_depth"": 10, ""min_child_samples"": 61, ""subsample"": 0.7330736119556676, ""colsample_bytree"": 0.6676709278132404}","[{""rank"": 1, ""feature"": ""TransactionDT"", ""importance"": 2142.0, ""importance_pct"": 3.25531914893617}, {""rank"": 2, ""feature"": ""card1"", ""importance"": 2012.0, ""importance_pct"": 3.0577507598784197}, {""rank"": 3, ""feature"": ""TransactionAmt"", ""importance"": 1986.0, ""importance_pct"": 3.0182370820668694}, {""rank"": 4, ""feature"": ""card2"", ""importance"": 1946.0, ""importance_pct"": 2.9574468085106385}, {""rank"": 5, ""feature"": ""uid"", ""importance"": 1877.0, ""importance_pct"": 2.8525835866261398}, {""rank"": 6, ""feature"": ""addr1"", ""importance"": 1770.0, ""importance_pct"": 2.6899696048632222}, {""rank"": 7, ""feature"": ""uid2"", ""importance"": 1267.0, ""importance_pct"": 1.925531914893617}, {""rank"": 8, ""feature"": ""C13"", ""importance"": 1234.0, ""importance_pct"": 1.8753799392097266}, {""rank"": 9, ""feature"": ""P_emaildomain"", ""importance"": 1093.0, ""importance_pct"": 1.6610942249240122}, {""rank"": 10, ""feature"": ""DT_day"", ""importance"": 1081.0, ""importance_pct"": 1.6428571428571428}, {""rank"": 11, ""feature"": ""C1"", ""importance"": 1012.0, ""importance_pct"": 1.5379939209726443}, {""rank"": 12, ""feature"": ""D15"", ""importance"": 1011.0, ""importance_pct"": 1.5364741641337385}, {""rank"": 13, ""feature"": ""DT_hour"", ""importance"": 939.0, ""importance_pct"": 1.4270516717325228}, {""rank"": 14, ""feature"": ""card5"", ""importance"": 930.0, ""importance_pct"": 1.4133738601823709}, {""rank"": 15, ""feature"": ""C14"", ""importance"": 926.0, ""importance_pct"": 1.4072948328267478}, {""rank"": 16, ""feature"": ""D2"", ""importance"": 867.0, ""importance_pct"": 1.3176291793313069}, {""rank"": 17, ""feature"": ""C11"", ""importance"": 844.0, ""importance_pct"": 1.2826747720364742}, {""rank"": 18, ""feature"": ""D1"", ""importance"": 807.0, ""importance_pct"": 1.2264437689969605}, {""rank"": 19, ""feature"": ""C2"", ""importance"": 782.0, ""importance_pct"": 1.1884498480243162}, {""rank"": 20, ""feature"": ""D10"", ""importance"": 749.0, ""importance_pct"": 1.1382978723404256}]",SMOTE
LightGBM - Feature Engineering - Undersampling,LightGBM,Feature Engineering,439,0.8958580282453348,0.21458275575270308,0.7618110236220472,0.3348475016223232,0.9159152392867017,0.5201102705628797,0.8312229331571708,0.3687337614853167,102712,11332,968,3096,0.9251008040701049,"{""n_estimators"": 700, ""learning_rate"": 0.03702917556373974, ""num_leaves"": 95, ""max_depth"": 10, ""min_child_samples"": 61, ""subsample"": 0.7330736119556676, ""colsample_bytree"": 0.6676709278132404}","[{""rank"": 1, ""feature"": ""TransactionAmt"", ""importance"": 2521.0, ""importance_pct"": 4.739790930285027}, {""rank"": 2, ""feature"": ""TransactionDT"", ""importance"": 2500.0, ""importance_pct"": 4.700308340227119}, {""rank"": 3, ""feature"": ""card1"", ""importance"": 2226.0, ""importance_pct"": 4.185154546138227}, {""rank"": 4, ""feature"": ""card2"", ""importance"": 2056.0, ""importance_pct"": 3.8655335790027827}, {""rank"": 5, ""feature"": ""uid"", ""importance"": 2010.0, ""importance_pct"": 3.7790479055426034}, {""rank"": 6, ""feature"": ""addr1"", ""importance"": 1728.0, ""importance_pct"": 3.2488531247649846}, {""rank"": 7, ""feature"": ""uid2"", ""importance"": 1392.0, ""importance_pct"": 2.6171316838384597}, {""rank"": 8, ""feature"": ""DT_day"", ""importance"": 1299.0, ""importance_pct"": 2.442280213582011}, {""rank"": 9, ""feature"": ""DT_hour"", ""importance"": 1181.0, ""importance_pct"": 2.2204256599232908}, {""rank"": 10, ""feature"": ""C13"", ""importance"": 1158.0, ""importance_pct"": 2.1771828231932013}, {""rank"": 11, ""feature"": ""D15"", ""importance"": 1101.0, ""importance_pct"": 2.0700157930360232}, {""rank"": 12, ""feature"": ""D10"", ""importance"": 908.0, ""importance_pct"": 1.7071519891704894}, {""rank"": 13, ""feature"": ""P_emaildomain"", ""importance"": 889.0, ""importance_pct"": 1.6714296457847635}, {""rank"": 14, ""feature"": ""card5"", ""importance"": 864.0, ""importance_pct"": 1.6244265623824923}, {""rank"": 15, ""feature"": ""dist1"", ""importance"": 849.0, ""importance_pct"": 1.5962247123411297}, {""rank"": 16, ""feature"": ""D1"", ""importance"": 802.0, ""importance_pct"": 1.5078589155448596}, {""rank"": 17, ""feature"": ""id_02"", ""importance"": 784.0, ""importance_pct"": 1.4740166954952245}, {""rank"": 18, ""feature"": ""D2"", ""importance"": 767.0, ""importance_pct"": 1.44205459878168}, {""rank"": 19, ""feature"": ""D4"", ""importance"": 762.0, ""importance_pct"": 1.4326539821012259}, {""rank"": 20, ""feature"": ""C1"", ""importance"": 736.0, ""importance_pct"": 1.3837707753628639}]",Undersampling
LightGBM - Reduced Baseline - SMOTE,LightGBM,Reduced Baseline,342,0.9756663392826904,0.7899610136452242,0.3988681102362205,0.5300850228907783,0.9217123547010588,0.5823299357930587,0.6975444335685329,0.5511697643550935,113613,431,2443,1621,0.9234895876714913,"{""n_estimators"": 800, ""learning_rate"": 0.058392510717711, ""num_leaves"": 96, ""max_depth"": 12, ""min_child_samples"": 54, ""subsample"": 0.8072636662657275, ""colsample_bytree"": 0.7235819178002387}","[{""rank"": 1, ""feature"": ""TransactionDT"", ""importance"": 4460.0, ""importance_pct"": 5.868421052631579}, {""rank"": 2, ""feature"": ""card1"", ""importance"": 4340.0, ""importance_pct"": 5.7105263157894735}, {""rank"": 3, ""feature"": ""TransactionAmt"", ""importance"": 3538.0, ""importance_pct"": 4.655263157894737}, {""rank"": 4, ""feature"": ""card2"", ""importance"": 3410.0, ""importance_pct"": 4.4868421052631575}, {""rank"": 5, ""feature"": ""addr1"", ""importance"": 3063.0, ""importance_pct"": 4.030263157894737}, {""rank"": 6, ""feature"": ""P_emaildomain"", ""importance"": 1687.0, ""importance_pct"": 2.219736842105263}, {""rank"": 7, ""feature"": ""C1"", ""importance"": 1590.0, ""importance_pct"": 2.0921052631578947}, {""rank"": 8, ""feature"": ""C13"", ""importance"": 1559.0, ""importance_pct"": 2.051315789473684}, {""rank"": 9, ""feature"": ""D15"", ""importance"": 1516.0, ""importance_pct"": 1.994736842105263}, {""rank"": 10, ""feature"": ""card5"", ""importance"": 1446.0, ""importance_pct"": 1.9026315789473682}, {""rank"": 11, ""feature"": ""D10"", ""importance"": 1300.0, ""importance_pct"": 1.710526315789474}, {""rank"": 12, ""feature"": ""D1"", ""importance"": 1154.0, ""importance_pct"": 1.518421052631579}, {""rank"": 13, ""feature"": ""dist1"", ""importance"": 1110.0, ""importance_pct"": 1.4605263157894737}, {""rank"": 14, ""feature"": ""D2"", ""importance"": 1064.0, ""importance_pct"": 1.4000000000000001}, {""rank"": 15, ""feature"": ""D4"", ""importance"": 1036.0, ""importance_pct"": 1.3631578947368421}, {""rank"": 16, ""feature"": ""C14"", ""importance"": 990.0, ""importance_pct"": 1.3026315789473684}, {""rank"": 17, ""feature"": ""id_20"", ""importance"": 965.0, ""importance_pct"": 1.269736842105263}, {""rank"": 18, ""feature"": ""id_02"", ""importance"": 923.0, ""importance_pct"": 1.2144736842105264}, {""rank"": 19, ""feature"": ""id_31"", ""importance"": 906.0, ""importance_pct"": 1.1921052631578948}, {""rank"": 20, ""feature"": ""DeviceInfo"", ""importance"": 870.0, ""importance_pct"": 1.144736842105263}]",SMOTE
LightGBM - Reduced Baseline - Undersampling,LightGBM,Reduced Baseline,342,0.9084481999525857,0.23679900163793777,0.7470472440944882,0.35960912052117266,0.9177081177157207,0.5177773155644543,0.8306235133172802,0.38746142985792253,104259,9785,1028,3036,0.9234895876714913,"{""n_estimators"": 800, ""learning_rate"": 0.058392510717711, ""num_leaves"": 96, ""max_depth"": 12, ""min_child_samples"": 54, ""subsample"": 0.8072636662657275, ""colsample_bytree"": 0.7235819178002387}","[{""rank"": 1, ""feature"": ""TransactionDT"", ""importance"": 5376.0, ""importance_pct"": 7.541770127519885}, {""rank"": 2, ""feature"": ""card1"", ""importance"": 5115.0, ""importance_pct"": 7.175623921552124}, {""rank"": 3, ""feature"": ""TransactionAmt"", ""importance"": 4734.0, ""importance_pct"": 6.641134632380792}, {""rank"": 4, ""feature"": ""card2"", ""importance"": 4036.0, ""importance_pct"": 5.6619390317467}, {""rank"": 5, ""feature"": ""addr1"", ""importance"": 3462.0, ""importance_pct"": 4.856697950422962}, {""rank"": 6, ""feature"": ""D15"", ""importance"": 1807.0, ""importance_pct"": 2.5349662612404082}, {""rank"": 7, ""feature"": ""P_emaildomain"", ""importance"": 1716.0, ""importance_pct"": 2.407306089811035}, {""rank"": 8, ""feature"": ""dist1"", ""importance"": 1601.0, ""importance_pct"": 2.2459773017409477}, {""rank"": 9, ""feature"": ""card5"", ""importance"": 1580.0, ""importance_pct"": 2.2165172621803233}, {""rank"": 10, ""feature"": ""C13"", ""importance"": 1564.0, ""importance_pct"": 2.194071517753181}, {""rank"": 11, ""feature"": ""D10"", ""importance"": 1454.0, ""importance_pct"": 2.039757024816576}, {""rank"": 12, ""feature"": ""id_02"", ""importance"": 1353.0, ""importance_pct"": 1.898068263120239}, {""rank"": 13, ""feature"": ""C1"", ""importance"": 1213.0, ""importance_pct"": 1.701667999382742}, {""rank"": 14, ""feature"": ""D4"", ""importance"": 1155.0, ""importance_pct"": 1.6203021758343503}, {""rank"": 15, ""feature"": ""D1"", ""importance"": 1136.0, ""importance_pct"": 1.5936478543271186}, {""rank"": 16, ""feature"": ""D2"", ""importance"": 1094.0, ""importance_pct"": 1.5347277752058697}, {""rank"": 17, ""feature"": ""id_20"", ""importance"": 832.0, ""importance_pct"": 1.1671787102114108}, {""rank"": 18, ""feature"": ""D5"", ""importance"": 827.0, ""importance_pct"": 1.160164415077929}, {""rank"": 19, ""feature"": ""C14"", ""importance"": 785.0, ""importance_pct"": 1.1012443359566797}, {""rank"": 20, ""feature"": ""V307"", ""importance"": 763.0, ""importance_pct"": 1.0703814373693588}]",Undersampling
LightGBM - Reduced Feature Engineering - SMOTE,LightGBM,Reduced Feature Engineering,348,0.9750567277407118,0.7960805084745762,0.36983267716535434,0.5050403225806451,0.9143783380886008,0.5555901408469951,0.6832283935789943,0.5325917189703115,113659,385,2561,1503,0.925851196105759,"{""n_estimators"": 500, ""learning_rate"": 0.04003965271318858, ""num_leaves"": 82, ""max_depth"": 10, ""min_child_samples"": 60, ""subsample"": 0.7545561730804785, ""colsample_bytree"": 0.7607586350559844}","[{""rank"": 1, ""feature"": ""TransactionDT"", ""importance"": 1500.0, ""importance_pct"": 3.7037037037037033}, {""rank"": 2, ""feature"": ""card2"", ""importance"": 1297.0, ""importance_pct"": 3.2024691358024695}, {""rank"": 3, ""feature"": ""TransactionAmt"", ""importance"": 1219.0, ""importance_pct"": 3.0098765432098764}, {""rank"": 4, ""feature"": ""card1"", ""importance"": 1151.0, ""importance_pct"": 2.8419753086419752}, {""rank"": 5, ""feature"": ""addr1"", ""importance"": 1143.0, ""importance_pct"": 2.822222222222222}, {""rank"": 6, ""feature"": ""uid"", ""importance"": 1098.0, ""importance_pct"": 2.711111111111111}, {""rank"": 7, ""feature"": ""C1"", ""importance"": 1081.0, ""importance_pct"": 2.669135802469136}, {""rank"": 8, ""feature"": ""C13"", ""importance"": 844.0, ""importance_pct"": 2.083950617283951}, {""rank"": 9, ""feature"": ""uid2"", ""importance"": 729.0, ""importance_pct"": 1.7999999999999998}, {""rank"": 10, ""feature"": ""P_emaildomain"", ""importance"": 711.0, ""importance_pct"": 1.7555555555555558}, {""rank"": 11, ""feature"": ""C14"", ""importance"": 695.0, ""importance_pct"": 1.7160493827160495}, {""rank"": 12, ""feature"": ""D15"", ""importance"": 671.0, ""importance_pct"": 1.6567901234567903}, {""rank"": 13, ""feature"": ""card5"", ""importance"": 586.0, ""importance_pct"": 1.4469135802469135}, {""rank"": 14, ""feature"": ""DT_hour"", ""importance"": 574.0, ""importance_pct"": 1.4172839506172838}, {""rank"": 15, ""feature"": ""D2"", ""importance"": 530.0, ""importance_pct"": 1.308641975308642}, {""rank"": 16, ""feature"": ""D1"", ""importance"": 486.0, ""importance_pct"": 1.2}, {""rank"": 17, ""feature"": ""D10"", ""importance"": 481.0, ""importance_pct"": 1.1876543209876542}, {""rank"": 18, ""feature"": ""V279"", ""importance"": 480.0, ""importance_pct"": 1.1851851851851851}, {""rank"": 19, ""feature"": ""card4"", ""importance"": 458.0, ""importance_pct"": 1.1308641975308642}, {""rank"": 20, ""feature"": ""M5"", ""importance"": 451.0, ""importance_pct"": 1.1135802469135803}]",SMOTE
LightGBM - Reduced Feature Engineering - Undersampling,LightGBM,Reduced Feature Engineering,348,0.8980086022962035,0.2181497175141243,0.7600885826771654,0.3390035118525022,0.9160052053400026,0.5170774651144266,0.8315060078690446,0.3720444017461547,102973,11071,975,3089,0.925851196105759,"{""n_estimators"": 500, ""learning_rate"": 0.04003965271318858, ""num_leaves"": 82, ""max_depth"": 10, ""min_child_samples"": 60, ""subsample"": 0.7545561730804785, ""colsample_bytree"": 0.7607586350559844}","[{""rank"": 1, ""feature"": ""TransactionDT"", ""importance"": 1795.0, ""importance_pct"": 5.10175079581628}, {""rank"": 2, ""feature"": ""TransactionAmt"", ""importance"": 1673.0, ""importance_pct"": 4.755002273760801}, {""rank"": 3, ""feature"": ""card1"", ""importance"": 1538.0, ""importance_pct"": 4.371305138699409}, {""rank"": 4, ""feature"": ""uid"", ""importance"": 1456.0, ""importance_pct"": 4.138244656662119}, {""rank"": 5, ""feature"": ""card2"", ""importance"": 1447.0, ""importance_pct"": 4.112664847658026}, {""rank"": 6, ""feature"": ""addr1"", ""importance"": 1243.0, ""importance_pct"": 3.5328558435652573}, {""rank"": 7, ""feature"": ""uid2"", ""importance"": 897.0, ""importance_pct"": 2.549454297407913}, {""rank"": 8, ""feature"": ""C1"", ""importance"": 828.0, ""importance_pct"": 2.3533424283765347}, {""rank"": 9, ""feature"": ""D15"", ""importance"": 817.0, ""importance_pct"": 2.3220782173715326}, {""rank"": 10, ""feature"": ""DT_hour"", ""importance"": 792.0, ""importance_pct"": 2.251023192360164}, {""rank"": 11, ""feature"": ""C13"", ""importance"": 764.0, ""importance_pct"": 2.1714415643474307}, {""rank"": 12, ""feature"": ""P_emaildomain"", ""importance"": 743.0, ""importance_pct"": 2.111755343337881}, {""rank"": 13, ""feature"": ""D10"", ""importance"": 649.0, ""importance_pct"": 1.8445884492951343}, {""rank"": 14, ""feature"": ""dist1"", ""importance"": 584.0, ""importance_pct"": 1.6598453842655754}, {""rank"": 15, ""feature"": ""D1"", ""importance"": 581.0, ""importance_pct"": 1.651318781264211}, {""rank"": 16, ""feature"": ""card5"", ""importance"": 581.0, ""importance_pct"": 1.651318781264211}, {""rank"": 17, ""feature"": ""D2"", ""importance"": 559.0, ""importance_pct"": 1.5887903592542065}, {""rank"": 18, ""feature"": ""D4"", ""importance"": 545.0, ""importance_pct"": 1.54899954524784}, {""rank"": 19, ""feature"": ""id_02"", ""importance"": 527.0, ""importance_pct"": 1.4978399272396545}, {""rank"": 20, ""feature"": ""C14"", ""importance"": 450.0, ""importance_pct"": 1.2789904502046385}]",Undersampling
XGBoost - Baseline - SMOTE,XGBoost,Baseline,432,0.9755139363971957,0.7938816449348044,0.38951771653543305,0.5226147243314625,0.9163596291281553,0.5755214572974513,0.692956922172876,0.546007438127341,113633,411,2481,1583,0.9229594149569254,"{""n_estimators"": 500, ""learning_rate"": 0.05156911709595948, ""max_depth"": 10, ""min_child_weight"": 9.905500691040231, ""subsample"": 0.8708817658975764, ""colsample_bytree"": 0.7930734353629822, ""gamma"": 1.461192327509932}","[{""rank"": 1, ""feature"": ""C8"", ""importance"": 0.08084137737751007, ""importance_pct"": 8.084137393890217}, {""rank"": 2, ""feature"": ""V317"", ""importance"": 0.07495446503162384, ""importance_pct"": 7.49544618434172}, {""rank"": 3, ""feature"": ""card6"", ""importance"": 0.03772642835974693, ""importance_pct"": 3.7726426755044007}, {""rank"": 4, ""feature"": ""V294"", ""importance"": 0.036112550646066666, ""importance_pct"": 3.6112549110010423}, {""rank"": 5, ""feature"": ""C4"", ""importance"": 0.02775401994585991, ""importance_pct"": 2.775401876533583}, {""rank"": 6, ""feature"": ""V201"", ""importance"": 0.024210751056671143, ""importance_pct"": 2.4210750026860883}, {""rank"": 7, ""feature"": ""V280"", ""importance"": 0.023549150675535202, ""importance_pct"": 2.3549149673866276}, {""rank"": 8, ""feature"": ""V257"", ""importance"": 0.022100970149040222, ""importance_pct"": 2.210096920897001}, {""rank"": 9, ""feature"": ""V97"", ""importance"": 0.021393323317170143, ""importance_pct"": 2.139332240719986}, {""rank"": 10, ""feature"": ""V306"", ""importance"": 0.020567765459418297, ""importance_pct"": 2.056776458456332}, {""rank"": 11, ""feature"": ""V279"", ""importance"": 0.01805933751165867, ""importance_pct"": 1.8059336743500298}, {""rank"": 12, ""feature"": ""C12"", ""importance"": 0.017690535634756088, ""importance_pct"": 1.7690534882284794}, {""rank"": 13, ""feature"": ""V29"", ""importance"": 0.016971612349152565, ""importance_pct"": 1.6971611627260852}, {""rank"": 14, ""feature"": ""V128"", ""importance"": 0.015805736184120178, ""importance_pct"": 1.5805735511819297}, {""rank"": 15, ""feature"": ""V69"", ""importance"": 0.01538307685405016, ""importance_pct"": 1.5383076199727195}, {""rank"": 16, ""feature"": ""V287"", ""importance"": 0.0142595199868083, ""importance_pct"": 1.4259519380276104}, {""rank"": 17, ""feature"": ""C14"", ""importance"": 0.012578094378113747, ""importance_pct"": 1.2578093843101403}, {""rank"": 18, ""feature"": ""V187"", ""importance"": 0.011306507512927055, ""importance_pct"": 1.1306507032001973}, {""rank"": 19, ""feature"": ""V199"", ""importance"": 0.010699821636080742, ""importance_pct"": 1.0699821180961193}, {""rank"": 20, ""feature"": ""V126"", ""importance"": 0.010615624487400055, ""importance_pct"": 1.0615624035861853}]",SMOTE
XGBoost - Baseline - Undersampling,XGBoost,Baseline,432,0.8993802282656551,0.22055460263007431,0.7593503937007874,0.34182543198936644,0.9154979415321672,0.520687624390444,0.831860318382434,0.37436889359077663,103138,10906,978,3086,0.9229594149569254,"{""n_estimators"": 500, ""learning_rate"": 0.05156911709595948, ""max_depth"": 10, ""min_child_weight"": 9.905500691040231, ""subsample"": 0.8708817658975764, ""colsample_bytree"": 0.7930734353629822, ""gamma"": 1.461192327509932}","[{""rank"": 1, ""feature"": ""V218"", ""importance"": 0.09938252717256546, ""importance_pct"": 9.938251726605458}, {""rank"": 2, ""feature"": ""V258"", ""importance"": 0.09789764881134033, ""importance_pct"": 9.789763905284305}, {""rank"": 3, ""feature"": ""V91"", ""importance"": 0.04971389099955559, ""importance_pct"": 4.971388604404464}, {""rank"": 4, ""feature"": ""V70"", ""importance"": 0.047517649829387665, ""importance_pct"": 4.751764509279938}, {""rank"": 5, ""feature"": ""V257"", ""importance"": 0.04687051475048065, ""importance_pct"": 4.687051007839918}, {""rank"": 6, ""feature"": ""V294"", ""importance"": 0.0397198386490345, ""importance_pct"": 3.9719834689736775}, {""rank"": 7, ""feature"": ""C8"", ""importance"": 0.03245726227760315, ""importance_pct"": 3.2457259042243467}, {""rank"": 8, ""feature"": ""V189"", ""importance"": 0.010846458375453949, ""importance_pct"": 1.084645729427237}, {""rank"": 9, ""feature"": ""V90"", ""importance"": 0.010027308017015457, ""importance_pct"": 1.0027307017487284}, {""rank"": 10, ""feature"": ""V187"", ""importance"": 0.009472815319895744, ""importance_pct"": 0.9472814375639741}, {""rank"": 11, ""feature"": ""V322"", ""importance"": 0.008300794288516045, ""importance_pct"": 0.8300793461087811}, {""rank"": 12, ""feature"": ""C14"", ""importance"": 0.008173175156116486, ""importance_pct"": 0.8173174341409406}, {""rank"": 13, ""feature"": ""V308"", ""importance"": 0.007873140275478363, ""importance_pct"": 0.7873139490678943}, {""rank"": 14, ""feature"": ""V317"", ""importance"": 0.0077925086952745914, ""importance_pct"": 0.7792507918512577}, {""rank"": 15, ""feature"": ""V283"", ""importance"": 0.007545151747763157, ""importance_pct"": 0.7545150995657832}, {""rank"": 16, ""feature"": ""V30"", ""importance"": 0.006589062511920929, ""importance_pct"": 0.6589061855119163}, {""rank"": 17, ""feature"": ""V69"", ""importance"": 0.0053920685313642025, ""importance_pct"": 0.5392067993879525}, {""rank"": 18, ""feature"": ""V201"", ""importance"": 0.005011129193007946, ""importance_pct"": 0.5011128693495535}, {""rank"": 19, ""feature"": ""C4"", ""importance"": 0.004996026400476694, ""importance_pct"": 0.4996025902469738}, {""rank"": 20, ""feature"": ""V309"", ""importance"": 0.004336407408118248, ""importance_pct"": 0.4336406975862515}]",Undersampling
XGBoost - Feature Engineering - SMOTE,XGBoost,Feature Engineering,439,0.9756240051478308,0.7863702271628806,0.4003444881889764,0.5305723137127017,0.9179953674117214,0.578504936503996,0.6982343955448056,0.5508582306538934,113602,442,2437,1627,0.924738920658331,"{""n_estimators"": 700, ""learning_rate"": 0.07627467579795179, ""max_depth"": 10, ""min_child_weight"": 8.34432054049989, ""subsample"": 0.8332908615865308, ""colsample_bytree"": 0.8858612346238909, ""gamma"": 1.9965833820037882}","[{""rank"": 1, ""feature"": ""C8"", ""importance"": 0.07726725190877914, ""importance_pct"": 7.726724815895035}, {""rank"": 2, ""feature"": ""V294"", ""importance"": 0.07584449648857117, ""importance_pct"": 7.58444928077896}, {""rank"": 3, ""feature"": ""card6"", ""importance"": 0.040679898113012314, ""importance_pct"": 4.067989613879103}, {""rank"": 4, ""feature"": ""C4"", ""importance"": 0.03930087015032768, ""importance_pct"": 3.93008682430315}, {""rank"": 5, ""feature"": ""V257"", ""importance"": 0.036381661891937256, ""importance_pct"": 3.6381660126312103}, {""rank"": 6, ""feature"": ""V97"", ""importance"": 0.034743987023830414, ""importance_pct"": 3.4743985337682664}, {""rank"": 7, ""feature"": ""V280"", ""importance"": 0.028612088412046432, ""importance_pct"": 2.8612087023483617}, {""rank"": 8, ""feature"": ""V69"", ""importance"": 0.028171438723802567, ""importance_pct"": 2.817143735662476}, {""rank"": 9, ""feature"": ""V201"", ""importance"": 0.02585253119468689, ""importance_pct"": 2.5852529940047138}, {""rank"": 10, ""feature"": ""V258"", ""importance"": 0.020787179470062256, ""importance_pct"": 2.0787178461247238}, {""rank"": 11, ""feature"": ""V317"", ""importance"": 0.017619626596570015, ""importance_pct"": 1.7619625741478346}, {""rank"": 12, ""feature"": ""V95"", ""importance"": 0.016311662271618843, ""importance_pct"": 1.6311661480003519}, {""rank"": 13, ""feature"": ""C14"", ""importance"": 0.01410912536084652, ""importance_pct"": 1.4109124676121707}, {""rank"": 14, ""feature"": ""V187"", ""importance"": 0.013687368482351303, ""importance_pct"": 1.368736781809462}, {""rank"": 15, ""feature"": ""V308"", ""importance"": 0.01305205374956131, ""importance_pct"": 1.3052053116136855}, {""rank"": 16, ""feature"": ""V90"", ""importance"": 0.012755731120705605, ""importance_pct"": 1.2755730501661875}, {""rank"": 17, ""feature"": ""V199"", ""importance"": 0.012403184548020363, ""importance_pct"": 1.2403183946085943}, {""rank"": 18, ""feature"": ""V279"", ""importance"": 0.011967361904680729, ""importance_pct"": 1.1967361323897059}, {""rank"": 19, ""feature"": ""V293"", ""importance"": 0.010430783964693546, ""importance_pct"": 1.0430783458480979}, {""rank"": 20, ""feature"": ""V282"", ""importance"": 0.01026226207613945, ""importance_pct"": 1.0262261578105356}]",SMOTE
XGBoost - Feature Engineering - Undersampling,XGBoost,Feature Engineering,439,0.8950960138178616,0.2132130063378341,0.7615649606299213,0.33315392895586654,0.9134570485486746,0.5206374110019889,0.8307097013875291,0.36720062563131856,102623,11421,969,3095,0.924738920658331,"{""n_estimators"": 700, ""learning_rate"": 0.07627467579795179, ""max_depth"": 10, ""min_child_weight"": 8.34432054049989, ""subsample"": 0.8332908615865308, ""colsample_bytree"": 0.8858612346238909, ""gamma"": 1.9965833820037882}","[{""rank"": 1, ""feature"": ""V258"", ""importance"": 0.13451513648033142, ""importance_pct"": 13.451513628850103}, {""rank"": 2, ""feature"": ""V91"", ""importance"": 0.06882806122303009, ""importance_pct"": 6.882806112487525}, {""rank"": 3, ""feature"": ""V294"", ""importance"": 0.05161349102854729, ""importance_pct"": 5.1613490954941925}, {""rank"": 4, ""feature"": ""V70"", ""importance"": 0.04887032136321068, ""importance_pct"": 4.887032129351732}, {""rank"": 5, ""feature"": ""V257"", ""importance"": 0.04231587424874306, ""importance_pct"": 4.231587418839691}, {""rank"": 6, ""feature"": ""C8"", ""importance"": 0.031262923032045364, ""importance_pct"": 3.1262922987461694}, {""rank"": 7, ""feature"": ""V333"", ""importance"": 0.010855269618332386, ""importance_pct"": 1.085526960285182}, {""rank"": 8, ""feature"": ""V30"", ""importance"": 0.01081185881048441, ""importance_pct"": 1.081185879506575}, {""rank"": 9, ""feature"": ""V189"", ""importance"": 0.010399522259831429, ""importance_pct"": 1.0399522245000796}, {""rank"": 10, ""feature"": ""V283"", ""importance"": 0.009901528246700764, ""importance_pct"": 0.9901528232580316}, {""rank"": 11, ""feature"": ""C14"", ""importance"": 0.009519094601273537, ""importance_pct"": 0.9519094587698473}, {""rank"": 12, ""feature"": ""C4"", ""importance"": 0.009254452772438526, ""importance_pct"": 0.9254452759240864}, {""rank"": 13, ""feature"": ""V201"", ""importance"": 0.008961719460785389, ""importance_pct"": 0.8961719448005192}, {""rank"": 14, ""feature"": ""V322"", ""importance"": 0.00894089974462986, ""importance_pct"": 0.8940899731879353}, {""rank"": 15, ""feature"": ""V187"", ""importance"": 0.008122801780700684, ""importance_pct"": 0.8122801769116856}, {""rank"": 16, ""feature"": ""V90"", ""importance"": 0.007712253835052252, ""importance_pct"": 0.7712253824053901}, {""rank"": 17, ""feature"": ""addr2"", ""importance"": 0.007533168885856867, ""importance_pct"": 0.7533168875113907}, {""rank"": 18, ""feature"": ""V308"", ""importance"": 0.0060310643166303635, ""importance_pct"": 0.6031064308029537}, {""rank"": 19, ""feature"": ""V312"", ""importance"": 0.004423356149345636, ""importance_pct"": 0.44233561430375423}, {""rank"": 20, ""feature"": ""card6"", ""importance"": 0.004318181425333023, ""importance_pct"": 0.4318181419174918}]",Undersampling
XGBoost - Reduced Baseline - SMOTE,XGBoost,Reduced Baseline,342,0.9752006637992346,0.7944992215879606,0.3767224409448819,0.5110999833082958,0.9190330936988818,0.5613939337477765,0.6866250484686529,0.5370374686209665,113648,396,2533,1531,0.9209202428076597,"{""n_estimators"": 500, ""learning_rate"": 0.05156911709595948, ""max_depth"": 10, ""min_child_weight"": 9.905500691040231, ""subsample"": 0.8708817658975764, ""colsample_bytree"": 0.7930734353629822, ""gamma"": 1.461192327509932}","[{""rank"": 1, ""feature"": ""V317"", ""importance"": 0.07084693014621735, ""importance_pct"": 7.084693329682673}, {""rank"": 2, ""feature"": ""C4"", ""importance"": 0.07060128450393677, ""importance_pct"": 7.060128764362212}, {""rank"": 3, ""feature"": ""card6"", ""importance"": 0.05467610061168671, ""importance_pct"": 5.467610304316871}, {""rank"": 4, ""feature"": ""V199"", ""importance"": 0.045659277588129044, ""importance_pct"": 4.565927961862702}, {""rank"": 5, ""feature"": ""V201"", ""importance"": 0.041566696017980576, ""importance_pct"": 4.1566697866478775}, {""rank"": 6, ""feature"": ""V257"", ""importance"": 0.034780971705913544, ""importance_pct"": 3.4780973252646135}, {""rank"": 7, ""feature"": ""V293"", ""importance"": 0.028644805774092674, ""importance_pct"": 2.8644807047945946}, {""rank"": 8, ""feature"": ""V97"", ""importance"": 0.0260517168790102, ""importance_pct"": 2.605171803754711}, {""rank"": 9, ""feature"": ""V280"", ""importance"": 0.021752288565039635, ""importance_pct"": 2.1752289532378155}, {""rank"": 10, ""feature"": ""V69"", ""importance"": 0.01894489675760269, ""importance_pct"": 1.8944897600094657}, {""rank"": 11, ""feature"": ""addr2"", ""importance"": 0.017482172697782516, ""importance_pct"": 1.7482173475226186}, {""rank"": 12, ""feature"": ""V29"", ""importance"": 0.014569856226444244, ""importance_pct"": 1.4569856874375293}, {""rank"": 13, ""feature"": ""V90"", ""importance"": 0.014407736249268055, ""importance_pct"": 1.4407736889989522}, {""rank"": 14, ""feature"": ""V258"", ""importance"": 0.013870054855942726, ""importance_pct"": 1.387005547275315}, {""rank"": 15, ""feature"": ""V73"", ""importance"": 0.01311042532324791, ""importance_pct"": 1.311042590627711}, {""rank"": 16, ""feature"": ""V70"", ""importance"": 0.012746796943247318, ""importance_pct"": 1.2746797510105725}, {""rank"": 17, ""feature"": ""V318"", ""importance"": 0.012714000418782234, ""importance_pct"": 1.2714000984182159}, {""rank"": 18, ""feature"": ""V95"", ""importance"": 0.012427516281604767, ""importance_pct"": 1.2427516834264554}, {""rank"": 19, ""feature"": ""C14"", ""importance"": 0.011927714571356773, ""importance_pct"": 1.1927715101790053}, {""rank"": 20, ""feature"": ""V288"", ""importance"": 0.01172570325434208, ""importance_pct"": 1.1725703775791783}]",SMOTE
XGBoost - Reduced Baseline - Undersampling,XGBoost,Reduced Baseline,342,0.8986351474921258,0.2185364464692483,0.7554133858267716,0.3390017667844523,0.9155794939675859,0.5190621369496088,0.8295761468083738,0.37115018203947275,103066,10978,994,3070,0.9209202428076597,"{""n_estimators"": 500, ""learning_rate"": 0.05156911709595948, ""max_depth"": 10, ""min_child_weight"": 9.905500691040231, ""subsample"": 0.8708817658975764, ""colsample_bytree"": 0.7930734353629822, ""gamma"": 1.461192327509932}","[{""rank"": 1, ""feature"": ""V218"", ""importance"": 0.1267547309398651, ""importance_pct"": 12.675472852722763}, {""rank"": 2, ""feature"": ""V258"", ""importance"": 0.10749834775924683, ""importance_pct"": 10.749834571313352}, {""rank"": 3, ""feature"": ""V91"", ""importance"": 0.0823449194431305, ""importance_pct"": 8.234491787578515}, {""rank"": 4, ""feature"": ""V70"", ""importance"": 0.053832512348890305, ""importance_pct"": 5.383251132424739}, {""rank"": 5, ""feature"": ""V257"", ""importance"": 0.04068925976753235, ""importance_pct"": 4.068925899305685}, {""rank"": 6, ""feature"": ""V317"", ""importance"": 0.02282104827463627, ""importance_pct"": 2.282104784026261}, {""rank"": 7, ""feature"": ""V158"", ""importance"": 0.02195393480360508, ""importance_pct"": 2.1953934385735976}, {""rank"": 8, ""feature"": ""V295"", ""importance"": 0.013352657668292522, ""importance_pct"": 1.3352657414139308}, {""rank"": 9, ""feature"": ""C4"", ""importance"": 0.01317865215241909, ""importance_pct"": 1.317865190157788}, {""rank"": 10, ""feature"": ""V189"", ""importance"": 0.009919805452227592, ""importance_pct"": 0.991980526341496}, {""rank"": 11, ""feature"": ""V187"", ""importance"": 0.009325725957751274, ""importance_pct"": 0.9325725780246295}, {""rank"": 12, ""feature"": ""V283"", ""importance"": 0.008796624839305878, ""importance_pct"": 0.8796624671871759}, {""rank"": 13, ""feature"": ""V198"", ""importance"": 0.007860253565013409, ""importance_pct"": 0.7860253415402091}, {""rank"": 14, ""feature"": ""V323"", ""importance"": 0.007525761146098375, ""importance_pct"": 0.7525761002853755}, {""rank"": 15, ""feature"": ""C14"", ""importance"": 0.007491004653275013, ""importance_pct"": 0.7491004510691943}, {""rank"": 16, ""feature"": ""addr2"", ""importance"": 0.005598354618996382, ""importance_pct"": 0.5598354512437833}, {""rank"": 17, ""feature"": ""R_emaildomain"", ""importance"": 0.005233281757682562, ""importance_pct"": 0.5233281658072775}, {""rank"": 18, ""feature"": ""V318"", ""importance"": 0.005092883948236704, ""importance_pct"": 0.5092883851299236}, {""rank"": 19, ""feature"": ""C7"", ""importance"": 0.005016672890633345, ""importance_pct"": 0.5016672795146471}, {""rank"": 20, ""feature"": ""V156"", ""importance"": 0.004967735148966312, ""importance_pct"": 0.4967735054410915}]",Undersampling
XGBoost - Reduced Feature Engineering - SMOTE,XGBoost,Reduced Feature Engineering,348,0.9754123344735327,0.7986611740473738,0.38164370078740156,0.5164835164835165,0.9217219301943689,0.5705111440542895,0.6891075997535969,0.5421106233828189,113653,391,2513,1551,0.922653574449446,"{""n_estimators"": 600, ""learning_rate"": 0.05367916265026271, ""max_depth"": 10, ""min_child_weight"": 9.990883610300589, ""subsample"": 0.8391998921110788, ""colsample_bytree"": 0.8072636662657275, ""gamma"": 1.4684735955100456}","[{""rank"": 1, ""feature"": ""V317"", ""importance"": 0.07461591809988022, ""importance_pct"": 7.4615920717755}, {""rank"": 2, ""feature"": ""C4"", ""importance"": 0.07436630874872208, ""importance_pct"": 7.436631135783939}, {""rank"": 3, ""feature"": ""card6"", ""importance"": 0.05680065229535103, ""importance_pct"": 5.680065428818311}, {""rank"": 4, ""feature"": ""V199"", ""importance"": 0.05351027101278305, ""importance_pct"": 5.351027289017319}, {""rank"": 5, ""feature"": ""V257"", ""importance"": 0.0432884618639946, ""importance_pct"": 4.3288463382755955}, {""rank"": 6, ""feature"": ""V97"", ""importance"": 0.02935146354138851, ""importance_pct"": 2.935146457117489}, {""rank"": 7, ""feature"": ""V293"", ""importance"": 0.027469580993056297, ""importance_pct"": 2.7469581956817453}, {""rank"": 8, ""feature"": ""V201"", ""importance"": 0.024539662525057793, ""importance_pct"": 2.4539663386023727}, {""rank"": 9, ""feature"": ""V69"", ""importance"": 0.02268286980688572, ""importance_pct"": 2.2682870602706693}, {""rank"": 10, ""feature"": ""V280"", ""importance"": 0.020513998344540596, ""importance_pct"": 2.0513999064267434}, {""rank"": 11, ""feature"": ""V101"", ""importance"": 0.019809778779745102, ""importance_pct"": 1.980977947476463}, {""rank"": 12, ""feature"": ""addr2"", ""importance"": 0.017018143087625504, ""importance_pct"": 1.7018143684701417}, {""rank"": 13, ""feature"": ""V90"", ""importance"": 0.01642202027142048, ""importance_pct"": 1.6422020847581622}, {""rank"": 14, ""feature"": ""V126"", ""importance"": 0.015010734088718891, ""importance_pct"": 1.5010734615365526}, {""rank"": 15, ""feature"": ""V318"", ""importance"": 0.013916793279349804, ""importance_pct"": 1.3916793767615887}, {""rank"": 16, ""feature"": ""V102"", ""importance"": 0.01297730952501297, ""importance_pct"": 1.2977309980317577}, {""rank"": 17, ""feature"": ""C14"", ""importance"": 0.012807794846594334, ""importance_pct"": 1.2807795295951574}, {""rank"": 18, ""feature"": ""V95"", ""importance"": 0.012697461992502213, ""importance_pct"": 1.269746243798846}, {""rank"": 19, ""feature"": ""V295"", ""importance"": 0.012514332309365273, ""importance_pct"": 1.2514332748426478}, {""rank"": 20, ""feature"": ""V308"", ""importance"": 0.011891848407685757, ""importance_pct"": 1.189184882490732}]",SMOTE
XGBoost - Reduced Feature Engineering - Undersampling,XGBoost,Reduced Feature Engineering,348,0.8958156941104751,0.21363541594273402,0.7563976377952756,0.3331707581423075,0.914247593120572,0.5124878604385916,0.8285907728803111,0.36623003895513934,102729,11315,990,3074,0.922653574449446,"{""n_estimators"": 600, ""learning_rate"": 0.05367916265026271, ""max_depth"": 10, ""min_child_weight"": 9.990883610300589, ""subsample"": 0.8391998921110788, ""colsample_bytree"": 0.8072636662657275, ""gamma"": 1.4684735955100456}","[{""rank"": 1, ""feature"": ""V258"", ""importance"": 0.11980241537094116, ""importance_pct"": 11.980241011995735}, {""rank"": 2, ""feature"": ""V218"", ""importance"": 0.08195847272872925, ""importance_pct"": 8.195846913645934}, {""rank"": 3, ""feature"": ""V70"", ""importance"": 0.07975443452596664, ""importance_pct"": 7.975443103030052}, {""rank"": 4, ""feature"": ""V91"", ""importance"": 0.048860035836696625, ""importance_pct"": 4.8860033695143334}, {""rank"": 5, ""feature"": ""V257"", ""importance"": 0.03567975014448166, ""importance_pct"": 3.567974858062512}, {""rank"": 6, ""feature"": ""V69"", ""importance"": 0.02602604776620865, ""importance_pct"": 2.6026046625477433}, {""rank"": 7, ""feature"": ""V317"", ""importance"": 0.025486040860414505, ""importance_pct"": 2.5486039743351987}, {""rank"": 8, ""feature"": ""C4"", ""importance"": 0.015581900253891945, ""importance_pct"": 1.558189957093154}, {""rank"": 9, ""feature"": ""V189"", ""importance"": 0.010855434462428093, ""importance_pct"": 1.0855433986630418}, {""rank"": 10, ""feature"": ""V187"", ""importance"": 0.010548288933932781, ""importance_pct"": 1.054828847159741}, {""rank"": 11, ""feature"": ""V283"", ""importance"": 0.00989791564643383, ""importance_pct"": 0.9897915212604558}, {""rank"": 12, ""feature"": ""V323"", ""importance"": 0.008829883299767971, ""importance_pct"": 0.8829882912750948}, {""rank"": 13, ""feature"": ""C14"", ""importance"": 0.008013617247343063, ""importance_pct"": 0.8013616896103279}, {""rank"": 14, ""feature"": ""V198"", ""importance"": 0.007723188493400812, ""importance_pct"": 0.7723188154890628}, {""rank"": 15, ""feature"": ""V156"", ""importance"": 0.006902486085891724, ""importance_pct"": 0.6902485783353227}, {""rank"": 16, ""feature"": ""V318"", ""importance"": 0.0065208007581532, ""importance_pct"": 0.6520800472344112}, {""rank"": 17, ""feature"": ""R_emaildomain"", ""importance"": 0.005777533166110516, ""importance_pct"": 0.5777532912879118}, {""rank"": 18, ""feature"": ""V59"", ""importance"": 0.005094071384519339, ""importance_pct"": 0.5094071161244321}, {""rank"": 19, ""feature"": ""V180"", ""importance"": 0.005057768430560827, ""importance_pct"": 0.5057768208876983}, {""rank"": 20, ""feature"": ""addr2"", ""importance"": 0.004915883298963308, ""importance_pct"": 0.491588308349834}]",Undersampling
CatBoost - Baseline - SMOTE,CatBoost,Baseline,432,0.9742015782165475,0.7789358200767965,0.3494094488188976,0.4824188890776287,0.8951313527248912,0.5204391665388417,0.6729378624965029,0.5114203085370559,113641,403,2644,1420,0.9159545098987503,"{""iterations"": 800, ""learning_rate"": 0.053769175187915456, ""depth"": 6, ""l2_leaf_reg"": 3.5497480217818174}","[{""rank"": 1, ""feature"": ""card6"", ""importance"": 10.51581062165384, ""importance_pct"": 10.515810621653849}, {""rank"": 2, ""feature"": ""card4"", ""importance"": 8.309503383049986, ""importance_pct"": 8.309503383049993}, {""rank"": 3, ""feature"": ""V95"", ""importance"": 6.4687502231232274, ""importance_pct"": 6.468750223123234}, {""rank"": 4, ""feature"": ""D5"", ""importance"": 5.354021652774411, ""importance_pct"": 5.354021652774415}, {""rank"": 5, ""feature"": ""V279"", ""importance"": 4.438906832544454, ""importance_pct"": 4.438906832544458}, {""rank"": 6, ""feature"": ""M6"", ""importance"": 4.06250478779801, ""importance_pct"": 4.062504787798013}, {""rank"": 7, ""feature"": ""C14"", ""importance"": 3.7770745329828195, ""importance_pct"": 3.777074532982823}, {""rank"": 8, ""feature"": ""V280"", ""importance"": 2.7700358076538616, ""importance_pct"": 2.770035807653864}, {""rank"": 9, ""feature"": ""M5"", ""importance"": 2.3490291953234945, ""importance_pct"": 2.3490291953234967}, {""rank"": 10, ""feature"": ""M3"", ""importance"": 2.24607341611058, ""importance_pct"": 2.2460734161105824}, {""rank"": 11, ""feature"": ""V306"", ""importance"": 2.13918720937984, ""importance_pct"": 2.1391872093798416}, {""rank"": 12, ""feature"": ""V12"", ""importance"": 1.9947751467964248, ""importance_pct"": 1.9947751467964263}, {""rank"": 13, ""feature"": ""D3"", ""importance"": 1.732071892061899, ""importance_pct"": 1.7320718920619003}, {""rank"": 14, ""feature"": ""DeviceType"", ""importance"": 1.6981543331680944, ""importance_pct"": 1.698154333168096}, {""rank"": 15, ""feature"": ""V126"", ""importance"": 1.6647899804253583, ""importance_pct"": 1.6647899804253599}, {""rank"": 16, ""feature"": ""id_18"", ""importance"": 1.6312627283017067, ""importance_pct"": 1.6312627283017083}, {""rank"": 17, ""feature"": ""V282"", ""importance"": 1.491122169797724, ""importance_pct"": 1.4911221697977253}, {""rank"": 18, ""feature"": ""C13"", ""importance"": 1.4734493774483115, ""importance_pct"": 1.4734493774483128}, {""rank"": 19, ""feature"": ""C2"", ""importance"": 1.3460206272847544, ""importance_pct"": 1.3460206272847555}, {""rank"": 20, ""feature"": ""C11"", ""importance"": 1.3331608089480795, ""importance_pct"": 1.3331608089480806}]",SMOTE
CatBoost - Baseline - Undersampling,CatBoost,Baseline,432,0.8872895993497477,0.19934980494148244,0.7544291338582677,0.3153672083933347,0.9055722102061313,0.5035148487893121,0.8232266324477056,0.3501286258651832,101730,12314,998,3066,0.9159545098987503,"{""iterations"": 800, ""learning_rate"": 0.053769175187915456, ""depth"": 6, ""l2_leaf_reg"": 3.5497480217818174}","[{""rank"": 1, ""feature"": ""C1"", ""importance"": 5.180413365556151, ""importance_pct"": 5.180413365556149}, {""rank"": 2, ""feature"": ""C14"", ""importance"": 4.670134819700079, ""importance_pct"": 4.670134819700077}, {""rank"": 3, ""feature"": ""card2"", ""importance"": 4.026247093860028, ""importance_pct"": 4.026247093860025}, {""rank"": 4, ""feature"": ""card1"", ""importance"": 3.788665454924055, ""importance_pct"": 3.7886654549240526}, {""rank"": 5, ""feature"": ""TransactionAmt"", ""importance"": 3.6400820013319297, ""importance_pct"": 3.6400820013319275}, {""rank"": 6, ""feature"": ""C13"", ""importance"": 3.30089348661889, ""importance_pct"": 3.300893486618888}, {""rank"": 7, ""feature"": ""TransactionDT"", ""importance"": 3.078809790032886, ""importance_pct"": 3.078809790032884}, {""rank"": 8, ""feature"": ""addr1"", ""importance"": 2.723339875606043, ""importance_pct"": 2.7233398756060416}, {""rank"": 9, ""feature"": ""C2"", ""importance"": 2.641496764859987, ""importance_pct"": 2.6414967648599856}, {""rank"": 10, ""feature"": ""card6"", ""importance"": 2.0257678581333254, ""importance_pct"": 2.0257678581333245}, {""rank"": 11, ""feature"": ""C11"", ""importance"": 1.953655643967406, ""importance_pct"": 1.9536556439674047}, {""rank"": 12, ""feature"": ""D2"", ""importance"": 1.873712073973636, ""importance_pct"": 1.8737120739736348}, {""rank"": 13, ""feature"": ""C6"", ""importance"": 1.7493478517065364, ""importance_pct"": 1.7493478517065355}, {""rank"": 14, ""feature"": ""P_emaildomain"", ""importance"": 1.6498912091680698, ""importance_pct"": 1.6498912091680689}, {""rank"": 15, ""feature"": ""card5"", ""importance"": 1.5556157505245363, ""importance_pct"": 1.5556157505245354}, {""rank"": 16, ""feature"": ""C8"", ""importance"": 1.4567245633396486, ""importance_pct"": 1.4567245633396477}, {""rank"": 17, ""feature"": ""D1"", ""importance"": 1.4441596690057439, ""importance_pct"": 1.444159669005743}, {""rank"": 18, ""feature"": ""R_emaildomain"", ""importance"": 1.3844038318245895, ""importance_pct"": 1.3844038318245888}, {""rank"": 19, ""feature"": ""D15"", ""importance"": 1.3380197773947817, ""importance_pct"": 1.338019777394781}, {""rank"": 20, ""feature"": ""M4"", ""importance"": 1.2005182770307763, ""importance_pct"": 1.2005182770307756}]",Undersampling
CatBoost - Feature Engineering - SMOTE,CatBoost,Feature Engineering,439,0.9738375046567548,0.7714604236343366,0.3405511811023622,0.47251621713895525,0.8920269661426438,0.5069694837655206,0.6684780387290774,0.5021796957700848,113634,410,2680,1384,0.9190078147569946,"{""iterations"": 800, ""learning_rate"": 0.03283396276465817, ""depth"": 7, ""l2_leaf_reg"": 1.0960177507411952}","[{""rank"": 1, ""feature"": ""card6"", ""importance"": 11.291451197216643, ""importance_pct"": 11.29145119721666}, {""rank"": 2, ""feature"": ""card4"", ""importance"": 8.254021756412495, ""importance_pct"": 8.254021756412506}, {""rank"": 3, ""feature"": ""V279"", ""importance"": 4.823888402666636, ""importance_pct"": 4.823888402666643}, {""rank"": 4, ""feature"": ""V95"", ""importance"": 4.5644320429778, ""importance_pct"": 4.564432042977806}, {""rank"": 5, ""feature"": ""M6"", ""importance"": 4.382923274907971, ""importance_pct"": 4.382923274907977}, {""rank"": 6, ""feature"": ""D5"", ""importance"": 4.129597398025817, ""importance_pct"": 4.1295973980258225}, {""rank"": 7, ""feature"": ""C14"", ""importance"": 3.8338186193737793, ""importance_pct"": 3.8338186193737847}, {""rank"": 8, ""feature"": ""D3"", ""importance"": 3.394743702276277, ""importance_pct"": 3.3947437022762825}, {""rank"": 9, ""feature"": ""V126"", ""importance"": 2.5861945236330186, ""importance_pct"": 2.586194523633022}, {""rank"": 10, ""feature"": ""id_18"", ""importance"": 2.4964381525303896, ""importance_pct"": 2.496438152530393}, {""rank"": 11, ""feature"": ""V306"", ""importance"": 2.385103338389578, ""importance_pct"": 2.3851033383895817}, {""rank"": 12, ""feature"": ""M5"", ""importance"": 2.317605778744359, ""importance_pct"": 2.3176057787443622}, {""rank"": 13, ""feature"": ""V280"", ""importance"": 2.189842242490664, ""importance_pct"": 2.189842242490667}, {""rank"": 14, ""feature"": ""C1"", ""importance"": 2.0086791067956464, ""importance_pct"": 2.0086791067956495}, {""rank"": 15, ""feature"": ""C2"", ""importance"": 1.8645580930348593, ""importance_pct"": 1.864558093034862}, {""rank"": 16, ""feature"": ""M8"", ""importance"": 1.7647282906892259, ""importance_pct"": 1.7647282906892283}, {""rank"": 17, ""feature"": ""D2"", ""importance"": 1.7094077920250987, ""importance_pct"": 1.709407792025101}, {""rank"": 18, ""feature"": ""M3"", ""importance"": 1.688528379942055, ""importance_pct"": 1.6885283799420572}, {""rank"": 19, ""feature"": ""V282"", ""importance"": 1.5806630095552294, ""importance_pct"": 1.5806630095552319}, {""rank"": 20, ""feature"": ""C11"", ""importance"": 1.5526707877121892, ""importance_pct"": 1.5526707877121915}]",SMOTE
CatBoost - Feature Engineering - Undersampling,CatBoost,Feature Engineering,439,0.8809902800826362,0.1928184948352189,0.7716535433070866,0.3085399449035813,0.9067735775313409,0.49605893255071737,0.8282700391643286,0.34729050203744055,100916,13128,928,3136,0.9190078147569946,"{""iterations"": 800, ""learning_rate"": 0.03283396276465817, ""depth"": 7, ""l2_leaf_reg"": 1.0960177507411952}","[{""rank"": 1, ""feature"": ""C1"", ""importance"": 5.664976057310188, ""importance_pct"": 5.664976057310188}, {""rank"": 2, ""feature"": ""C13"", ""importance"": 4.300810241651497, ""importance_pct"": 4.300810241651497}, {""rank"": 3, ""feature"": ""card2"", ""importance"": 3.5952382408815673, ""importance_pct"": 3.5952382408815673}, {""rank"": 4, ""feature"": ""TransactionAmt"", ""importance"": 3.379091021916714, ""importance_pct"": 3.3790910219167145}, {""rank"": 5, ""feature"": ""C14"", ""importance"": 3.2220271918923387, ""importance_pct"": 3.222027191892338}, {""rank"": 6, ""feature"": ""uid"", ""importance"": 3.0214165306524086, ""importance_pct"": 3.0214165306524086}, {""rank"": 7, ""feature"": ""addr1"", ""importance"": 2.7196138852102565, ""importance_pct"": 2.7196138852102565}, {""rank"": 8, ""feature"": ""card1"", ""importance"": 2.6928933699946387, ""importance_pct"": 2.6928933699946387}, {""rank"": 9, ""feature"": ""C11"", ""importance"": 2.325021310798234, ""importance_pct"": 2.325021310798234}, {""rank"": 10, ""feature"": ""card6"", ""importance"": 2.291389614095183, ""importance_pct"": 2.291389614095183}, {""rank"": 11, ""feature"": ""C2"", ""importance"": 2.059307024010952, ""importance_pct"": 2.059307024010952}, {""rank"": 12, ""feature"": ""D2"", ""importance"": 2.0457568890983167, ""importance_pct"": 2.0457568890983167}, {""rank"": 13, ""feature"": ""TransactionDT"", ""importance"": 1.9566589180867102, ""importance_pct"": 1.9566589180867102}, {""rank"": 14, ""feature"": ""P_emaildomain"", ""importance"": 1.7129110686109508, ""importance_pct"": 1.712911068610951}, {""rank"": 15, ""feature"": ""M5"", ""importance"": 1.5689462021713045, ""importance_pct"": 1.5689462021713045}, {""rank"": 16, ""feature"": ""M6"", ""importance"": 1.5652801413230035, ""importance_pct"": 1.5652801413230035}, {""rank"": 17, ""feature"": ""C6"", ""importance"": 1.5319526641181895, ""importance_pct"": 1.5319526641181895}, {""rank"": 18, ""feature"": ""card5"", ""importance"": 1.4820221927034367, ""importance_pct"": 1.4820221927034367}, {""rank"": 19, ""feature"": ""D15"", ""importance"": 1.3764139496872447, ""importance_pct"": 1.3764139496872447}, {""rank"": 20, ""feature"": ""D1"", ""importance"": 1.2559644521103979, ""importance_pct"": 1.2559644521103979}]",Undersampling
CatBoost - Reduced Baseline - SMOTE,CatBoost,Reduced Baseline,342,0.9742100450435195,0.7882219705549264,0.3425196850393701,0.47753001715265864,0.8965847369795384,0.5203578512238495,0.6696201245161075,0.5095148326390776,113670,374,2672,1392,0.9155336424082408,"{""iterations"": 700, ""learning_rate"": 0.08322969653611181, ""depth"": 6, ""l2_leaf_reg"": 6.541633372363897}","[{""rank"": 1, ""feature"": ""card6"", ""importance"": 12.288307540811447, ""importance_pct"": 12.28830754081144}, {""rank"": 2, ""feature"": ""V279"", ""importance"": 8.124883265670952, ""importance_pct"": 8.124883265670947}, {""rank"": 3, ""feature"": ""card4"", ""importance"": 7.638293536583401, ""importance_pct"": 7.6382935365833955}, {""rank"": 4, ""feature"": ""D5"", ""importance"": 5.164686147181983, ""importance_pct"": 5.16468614718198}, {""rank"": 5, ""feature"": ""C1"", ""importance"": 4.958634851885875, ""importance_pct"": 4.958634851885872}, {""rank"": 6, ""feature"": ""V95"", ""importance"": 4.113292047275032, ""importance_pct"": 4.11329204727503}, {""rank"": 7, ""feature"": ""M6"", ""importance"": 3.9450389206000036, ""importance_pct"": 3.945038920600001}, {""rank"": 8, ""feature"": ""V280"", ""importance"": 3.834577686560296, ""importance_pct"": 3.8345776865602943}, {""rank"": 9, ""feature"": ""C14"", ""importance"": 3.629667331965461, ""importance_pct"": 3.629667331965459}, {""rank"": 10, ""feature"": ""V12"", ""importance"": 2.2454101142257183, ""importance_pct"": 2.245410114225717}, {""rank"": 11, ""feature"": ""D3"", ""importance"": 2.1708191085713593, ""importance_pct"": 2.170819108571358}, {""rank"": 12, ""feature"": ""M3"", ""importance"": 2.0790776514720894, ""importance_pct"": 2.0790776514720886}, {""rank"": 13, ""feature"": ""V282"", ""importance"": 1.9094782002573683, ""importance_pct"": 1.9094782002573671}, {""rank"": 14, ""feature"": ""M5"", ""importance"": 1.8337419154181975, ""importance_pct"": 1.8337419154181966}, {""rank"": 15, ""feature"": ""M4"", ""importance"": 1.6385989570060242, ""importance_pct"": 1.638598957006023}, {""rank"": 16, ""feature"": ""V128"", ""importance"": 1.6138795387468299, ""importance_pct"": 1.6138795387468292}, {""rank"": 17, ""feature"": ""DeviceType"", ""importance"": 1.5921555214078822, ""importance_pct"": 1.5921555214078813}, {""rank"": 18, ""feature"": ""V126"", ""importance"": 1.5573180171803231, ""importance_pct"": 1.5573180171803223}, {""rank"": 19, ""feature"": ""C13"", ""importance"": 1.3901884736084416, ""importance_pct"": 1.3901884736084409}, {""rank"": 20, ""feature"": ""V97"", ""importance"": 1.3832464521245003, ""importance_pct"": 1.3832464521244994}]",SMOTE
CatBoost - Reduced Baseline - Undersampling,CatBoost,Reduced Baseline,342,0.8901175195583703,0.20475622681505035,0.7605807086614174,0.3226513569937369,0.910353914461665,0.5022615610653758,0.8276571601249636,0.35775678218679197,102039,12005,973,3091,0.9155336424082408,"{""iterations"": 700, ""learning_rate"": 0.08322969653611181, ""depth"": 6, ""l2_leaf_reg"": 6.541633372363897}","[{""rank"": 1, ""feature"": ""C1"", ""importance"": 10.637095993911736, ""importance_pct"": 10.63709599391173}, {""rank"": 2, ""feature"": ""C14"", ""importance"": 4.923451730942895, ""importance_pct"": 4.923451730942892}, {""rank"": 3, ""feature"": ""card1"", ""importance"": 4.443916234064271, ""importance_pct"": 4.443916234064268}, {""rank"": 4, ""feature"": ""card2"", ""importance"": 4.271702903393213, ""importance_pct"": 4.27170290339321}, {""rank"": 5, ""feature"": ""TransactionAmt"", ""importance"": 3.7383237143742774, ""importance_pct"": 3.7383237143742756}, {""rank"": 6, ""feature"": ""TransactionDT"", ""importance"": 3.4508533659777343, ""importance_pct"": 3.4508533659777325}, {""rank"": 7, ""feature"": ""C13"", ""importance"": 3.080612568388819, ""importance_pct"": 3.0806125683888173}, {""rank"": 8, ""feature"": ""addr1"", ""importance"": 2.4731810397471983, ""importance_pct"": 2.473181039747197}, {""rank"": 9, ""feature"": ""P_emaildomain"", ""importance"": 2.156826950473133, ""importance_pct"": 2.156826950473132}, {""rank"": 10, ""feature"": ""card6"", ""importance"": 1.9373337429561124, ""importance_pct"": 1.9373337429561113}, {""rank"": 11, ""feature"": ""V258"", ""importance"": 1.766629797517253, ""importance_pct"": 1.766629797517252}, {""rank"": 12, ""feature"": ""D2"", ""importance"": 1.679257748072874, ""importance_pct"": 1.679257748072873}, {""rank"": 13, ""feature"": ""D15"", ""importance"": 1.5137813275417646, ""importance_pct"": 1.5137813275417638}, {""rank"": 14, ""feature"": ""card5"", ""importance"": 1.4840647829094062, ""importance_pct"": 1.4840647829094054}, {""rank"": 15, ""feature"": ""D1"", ""importance"": 1.4210592942791311, ""importance_pct"": 1.4210592942791302}, {""rank"": 16, ""feature"": ""M5"", ""importance"": 1.3889672966358793, ""importance_pct"": 1.3889672966358786}, {""rank"": 17, ""feature"": ""R_emaildomain"", ""importance"": 1.347378458721354, ""importance_pct"": 1.3473784587213533}, {""rank"": 18, ""feature"": ""D10"", ""importance"": 1.282338158943968, ""importance_pct"": 1.2823381589439673}, {""rank"": 19, ""feature"": ""C5"", ""importance"": 1.2210863952014275, ""importance_pct"": 1.2210863952014268}, {""rank"": 20, ""feature"": ""V317"", ""importance"": 1.2079702327440685, ""importance_pct"": 1.2079702327440678}]",Undersampling
CatBoost - Reduced Feature Engineering - SMOTE,CatBoost,Reduced Feature Engineering,348,0.9739983743692214,0.7813031161473087,0.3393208661417323,0.4731514839595128,0.8962986318980489,0.5103435769628867,0.6679681037944465,0.5046931397970056,113658,386,2685,1379,0.918220064750327,"{""iterations"": 650, ""learning_rate"": 0.04955057618136131, ""depth"": 7, ""l2_leaf_reg"": 2.2626041404726016}","[{""rank"": 1, ""feature"": ""card6"", ""importance"": 10.376092063740574, ""importance_pct"": 10.376092063740568}, {""rank"": 2, ""feature"": ""card4"", ""importance"": 8.346005057625698, ""importance_pct"": 8.346005057625694}, {""rank"": 3, ""feature"": ""V279"", ""importance"": 5.341351543193807, ""importance_pct"": 5.341351543193804}, {""rank"": 4, ""feature"": ""M6"", ""importance"": 4.801988665229072, ""importance_pct"": 4.801988665229071}, {""rank"": 5, ""feature"": ""C1"", ""importance"": 4.61859578422856, ""importance_pct"": 4.6185957842285585}, {""rank"": 6, ""feature"": ""D3"", ""importance"": 4.529197498074414, ""importance_pct"": 4.529197498074412}, {""rank"": 7, ""feature"": ""V280"", ""importance"": 4.24574664753872, ""importance_pct"": 4.245746647538718}, {""rank"": 8, ""feature"": ""V95"", ""importance"": 4.051250526121586, ""importance_pct"": 4.051250526121584}, {""rank"": 9, ""feature"": ""D5"", ""importance"": 3.646186427793968, ""importance_pct"": 3.646186427793966}, {""rank"": 10, ""feature"": ""C14"", ""importance"": 3.1924878858297387, ""importance_pct"": 3.1924878858297374}, {""rank"": 11, ""feature"": ""V306"", ""importance"": 2.52905563015135, ""importance_pct"": 2.5290556301513485}, {""rank"": 12, ""feature"": ""M5"", ""importance"": 2.289454917802436, ""importance_pct"": 2.289454917802435}, {""rank"": 13, ""feature"": ""D2"", ""importance"": 2.082704415878158, ""importance_pct"": 2.082704415878157}, {""rank"": 14, ""feature"": ""V282"", ""importance"": 2.050103045771606, ""importance_pct"": 2.050103045771605}, {""rank"": 15, ""feature"": ""M4"", ""importance"": 1.8114200896839934, ""importance_pct"": 1.8114200896839925}, {""rank"": 16, ""feature"": ""DeviceType"", ""importance"": 1.7500629230101699, ""importance_pct"": 1.7500629230101692}, {""rank"": 17, ""feature"": ""V97"", ""importance"": 1.6541623571114812, ""importance_pct"": 1.6541623571114803}, {""rank"": 18, ""feature"": ""M3"", ""importance"": 1.3354452128594108, ""importance_pct"": 1.33544521285941}, {""rank"": 19, ""feature"": ""C13"", ""importance"": 1.321870128748275, ""importance_pct"": 1.3218701287482746}, {""rank"": 20, ""feature"": ""V126"", ""importance"": 1.2805198781546856, ""importance_pct"": 1.280519878154685}]",SMOTE
CatBoost - Reduced Feature Engineering - Undersampling,CatBoost,Reduced Feature Engineering,348,0.8863328479019202,0.20086917619991052,0.7733759842519685,0.3189082238344072,0.9133555230754976,0.501805811805773,0.8318670458245567,0.35687190490400367,101540,12504,921,3143,0.918220064750327,"{""iterations"": 650, ""learning_rate"": 0.04955057618136131, ""depth"": 7, ""l2_leaf_reg"": 2.2626041404726016}","[{""rank"": 1, ""feature"": ""C1"", ""importance"": 9.930646653842555, ""importance_pct"": 9.93064665384254}, {""rank"": 2, ""feature"": ""card2"", ""importance"": 3.8346080788012, ""importance_pct"": 3.8346080788011947}, {""rank"": 3, ""feature"": ""C14"", ""importance"": 3.805597133856319, ""importance_pct"": 3.8055971338563137}, {""rank"": 4, ""feature"": ""TransactionAmt"", ""importance"": 3.7358778482342307, ""importance_pct"": 3.735877848234225}, {""rank"": 5, ""feature"": ""C13"", ""importance"": 3.6166346087871077, ""importance_pct"": 3.6166346087871024}, {""rank"": 6, ""feature"": ""uid"", ""importance"": 3.06700283009239, ""importance_pct"": 3.0670028300923855}, {""rank"": 7, ""feature"": ""addr1"", ""importance"": 2.845851659051447, ""importance_pct"": 2.845851659051443}, {""rank"": 8, ""feature"": ""card1"", ""importance"": 2.76636007756999, ""importance_pct"": 2.766360077569986}, {""rank"": 9, ""feature"": ""TransactionDT"", ""importance"": 2.241001034544462, ""importance_pct"": 2.241001034544459}, {""rank"": 10, ""feature"": ""card6"", ""importance"": 2.0784658507987905, ""importance_pct"": 2.0784658507987874}, {""rank"": 11, ""feature"": ""P_emaildomain"", ""importance"": 2.006463360729853, ""importance_pct"": 2.0064633607298505}, {""rank"": 12, ""feature"": ""M5"", ""importance"": 1.6686591204569308, ""importance_pct"": 1.6686591204569283}, {""rank"": 13, ""feature"": ""D2"", ""importance"": 1.5757793577278152, ""importance_pct"": 1.575779357727813}, {""rank"": 14, ""feature"": ""card5"", ""importance"": 1.5582765144304567, ""importance_pct"": 1.5582765144304545}, {""rank"": 15, ""feature"": ""uid2"", ""importance"": 1.5174581390729747, ""importance_pct"": 1.5174581390729727}, {""rank"": 16, ""feature"": ""D15"", ""importance"": 1.5107183104135302, ""importance_pct"": 1.510718310413528}, {""rank"": 17, ""feature"": ""M4"", ""importance"": 1.4552620693752285, ""importance_pct"": 1.4552620693752265}, {""rank"": 18, ""feature"": ""M6"", ""importance"": 1.4529085352780156, ""importance_pct"": 1.4529085352780136}, {""rank"": 19, ""feature"": ""V317"", ""importance"": 1.3815732502488367, ""importance_pct"": 1.3815732502488347}, {""rank"": 20, ""feature"": ""R_emaildomain"", ""importance"": 1.2964584505477061, ""importance_pct"": 1.2964584505477044}]",Undersampling
